{"years": [1800, 1801, 1802, 1803, 1804, 1805, 1806, 1807, 1808, 1809, 1810, 1811, 1812, 1813, 1814, 1815, 1816, 1817, 1818, 1819, 1820, 1821, 1822, 1823, 1824, 1825, 1826, 1827, 1828, 1829, 1830, 1831, 1832, 1833, 1834, 1835, 1836, 1837, 1838, 1839, 1840, 1841, 1842, 1843, 1844, 1845, 1846, 1847, 1848, 1849, 1850, 1851, 1852, 1853, 1854, 1855, 1856, 1857, 1858, 1859, 1860, 1861, 1862, 1863, 1864, 1865, 1866, 1867, 1868, 1869, 1870, 1871, 1872, 1873, 1874, 1875, 1876, 1877, 1878, 1879, 1880, 1881, 1882, 1883, 1884, 1885, 1886, 1887, 1888, 1889, 1890, 1891, 1892, 1893, 1894, 1895, 1896, 1897, 1898, 1899, 1900, 1901, 1902, 1903, 1904, 1905, 1906, 1907, 1908, 1909, 1910, 1911, 1912, 1913, 1914, 1915, 1916, 1917, 1918, 1919, 1920, 1921, 1922, 1923, 1924, 1925, 1926, 1927, 1928, 1929, 1930, 1931, 1932, 1933, 1934, 1935, 1936, 1937, 1938, 1939, 1940, 1941, 1942, 1943, 1944, 1945, 1946, 1947, 1948, 1949, 1950, 1951, 1952, 1953, 1954, 1955, 1956, 1957, 1958, 1959, 1960, 1961, 1962, 1963, 1964, 1965, 1966, 1967, 1968, 1969, 1970, 1971, 1972, 1973, 1974, 1975, 1976, 1977, 1978, 1979, 1980, 1981, 1982, 1983, 1984, 1985, 1986, 1987, 1988, 1989, 1990, 1991, 1992, 1993, 1994, 1995, 1996, 1997, 1998, 1999, 2000, 2001, 2002, 2003, 2004, 2005, 2006, 2007, 2008, 2009, 2010, 2011, 2012, 2013, 2014, 2015, 2016, 2017, 2018, 2019], "series": {"Little Women": [5.702249783468005e-09, 4.561799826774404e-09, 3.8014998556453366e-09, 3.258428447696003e-09, 0.0, 0.0, 0.0, 0.0, 0.0, 0.0, 0.0, 0.0, 0.0, 0.0, 0.0, 0.0, 0.0, 0.0, 4.5573275312246354e-10, 4.5573275312246354e-10, 4.5573275312246354e-10, 4.5573275312246354e-10, 4.5573275312246354e-10, 6.219248290964937e-10, 6.219248290964937e-10, 1.6619207597403018e-10, 4.758931344233425e-10, 4.758931344233425e-10, 6.150871875324323e-10, 7.886735074537552e-10, 9.677457248256717e-10, 1.082076127114005e-09, 1.4966821591601486e-09, 1.1869811007108361e-09, 1.1869811007108361e-09, 1.1557212885117606e-09, 1.082949476126162e-09, 7.376851827802154e-10, 6.23354780491882e-10, 7.538900773492888e-10, 1.1198350025054538e-09, 1.2010471744134626e-09, 1.3762684642719997e-09, 1.7032926735716103e-09, 1.9175142664172385e-09, 2.544773907471003e-09, 2.597047648362454e-09, 4.2425922378416405e-09, 4.351689231185674e-09, 4.367893697525866e-09, 4.722274159009641e-09, 4.8462249451526014e-09, 4.448996044586246e-09, 4.5463407165919585e-09, 3.435507005861942e-09, 4.016898702552396e-09, 4.003119153621932e-09, 4.256128132469022e-09, 4.617761744413989e-09, 5.999850457730613e-09, 7.756897346666847e-09, 8.933245127756045e-09, 9.541617464390941e-09, 1.0048109772802555e-08, 1.0274327039943337e-08, 2.5177202100934437e-08, 4.9116495822890527e-08, 7.108184066747672e-08, 1.1760035707147104e-07, 1.4694317324830714e-07, 1.9543220895558632e-07, 2.413780129424075e-07, 2.6761736242925896e-07, 2.795244386431607e-07, 2.8075597973448954e-07, 2.634364457370404e-07, 2.588409882621688e-07, 2.4227830814587445e-07, 2.2215441219941567e-07, 2.0800348465854768e-07, 1.8898198764613232e-07, 1.8637075730306867e-07, 1.7939369050574377e-07, 1.7989214029512368e-07, 1.6730660742528665e-07, 1.6975547063274072e-07, 1.7249393278819169e-07, 1.808425500777438e-07, 1.7767139987816855e-07, 1.6916635457521677e-07, 1.7403595973876561e-07, 1.777585276434885e-07, 1.6649851427733404e-07, 1.5279798150556546e-07, 1.413811320714688e-07, 1.3668856167571774e-07, 1.3272361343297234e-07, 1.1239102600971559e-07, 1.0403042287927227e-07, 1.057818071866937e-07, 1.0412984709416508e-07, 1.0139470520341223e-07, 9.89027749856827e-08, 1.0225764514513815e-07, 1.0355799214981484e-07, 1.0047245118422715e-07, 9.686894588055241e-08, 1.0132086864749518e-07, 1.02114520521874e-07, 1.1039263979130607e-07, 1.1781413787405524e-07, 1.2171635940408772e-07, 1.2203079385082155e-07, 1.1680797992344846e-07, 1.0790728209388232e-07, 1.047059378882815e-07, 9.606065175051168e-08, 8.817268033161391e-08, 8.266390949529523e-08, 8.612705824719211e-08, 9.002616353979778e-08, 9.641030069522977e-08, 1.0306294789026132e-07, 1.1223208064490921e-07, 1.1292245513264529e-07, 1.219366540437607e-07, 1.2343022908518314e-07, 1.2529825101280168e-07, 1.2729324083693427e-07, 1.4168896862137054e-07, 1.58886467919014e-07, 2.1166136373754592e-07, 2.2849521335339367e-07, 2.3595501476490555e-07, 2.4413429043436607e-07, 2.5578545351631223e-07, 2.4770018569597596e-07, 2.3066361417737165e-07, 1.7946332775409246e-07, 1.5731397594111384e-07, 1.4705503405463916e-07, 1.4006904284055315e-07, 1.254974070060858e-07, 1.2138852310629643e-07, 1.1830554110961852e-07, 1.239174969620243e-07, 1.5114769626377112e-07, 1.5805896071339832e-07, 1.5450216953435563e-07, 1.5102590517861764e-07, 1.4633903333560738e-07, 1.4062772635270449e-07, 1.3227609839207487e-07, 1.0317534357032595e-07, 9.770862265310956e-08, 1.0172381337270053e-07, 1.0058463370147105e-07, 9.844817786383178e-08, 9.657148122447065e-08, 9.28628846200549e-08, 8.979652729327167e-08, 8.248755481840167e-08, 7.206269714288283e-08, 6.99274837399701e-08, 6.640916845006878e-08, 7.311007570771316e-08, 7.53328056443284e-08, 7.647067588680199e-08, 7.736133511571097e-08, 8.270022939476413e-08, 8.188658183273998e-08, 8.254202705464714e-08, 7.358498927650154e-08, 6.840142014701606e-08, 6.987985250767842e-08, 6.937674561819612e-08, 6.558657261734879e-08, 6.791859620745657e-08, 7.441145147676512e-08, 7.645111109257283e-08, 8.12849652983719e-08, 8.341829373291278e-08, 8.700003612765223e-08, 8.807547808536193e-08, 9.216646239857645e-08, 8.896682349554144e-08, 9.191512414677813e-08, 9.479384642320707e-08, 9.472036412359688e-08, 9.468782228136011e-08, 1.0162705064788367e-07, 1.0286010215005653e-07, 1.170131136112624e-07, 1.284693870015222e-07, 1.3525059878410112e-07, 1.4528087786759768e-07, 1.6177201648101151e-07, 1.6807479852332108e-07, 1.7558995222900974e-07, 1.6867513709582583e-07, 1.6467962739495435e-07, 1.644554268003568e-07, 1.601457963066163e-07, 1.4994513110520658e-07, 1.4235936061725495e-07, 1.3579894998981346e-07, 1.35215565982045e-07, 1.3377576075462067e-07, 1.3106329634281012e-07, 1.2606701968057417e-07, 1.269332281188846e-07, 1.3562059564264928e-07, 1.4289604775642927e-07, 1.4239188520345385e-07, 1.366398844230129e-07, 1.3906448564122392e-07, 1.4359476401588317e-07, 1.440651580253416e-07, 1.376555999854645e-07, 1.2935392312840577e-07],