{"years": [1900, 1901, 1902, 1903, 1904, 1905, 1906, 1907, 1908, 1909, 1910, 1911, 1912, 1913, 1914, 1915, 1916, 1917, 1918, 1919, 1920, 1921, 1922, 1923, 1924, 1925, 1926, 1927, 1928, 1929, 1930, 1931, 1932, 1933, 1934, 1935, 1936, 1937, 1938, 1939, 1940, 1941, 1942, 1943, 1944, 1945, 1946, 1947, 1948, 1949, 1950, 1951, 1952, 1953, 1954, 1955, 1956, 1957, 1958, 1959, 1960, 1961, 1962, 1963, 1964, 1965, 1966, 1967, 1968, 1969, 1970, 1971, 1972, 1973, 1974, 1975, 1976, 1977, 1978, 1979, 1980, 1981, 1982, 1983, 1984, 1985, 1986, 1987, 1988, 1989, 1990, 1991, 1992, 1993, 1994, 1995, 1996, 1997, 1998, 1999, 2000, 2001, 2002, 2003, 2004, 2005, 2006, 2007, 2008, 2009, 2010, 2011, 2012, 2013, 2014, 2015, 2016, 2017, 2018, 2019], "series": {"The Great Gatsby": [0.0, 0.0, 0.0, 0.0, 0.0, 0.0, 0.0, 0.0, 0.0, 0.0, 0.0, 0.0, 0.0, 0.0, 0.0, 0.0, 0.0, 0.0, 0.0, 0.0, 0.005714, 0.013844, 0.053641, 0.091501, 0.110173, 0.115913, 0.120067, 0.124815, 0.137869, 0.109591, 0.073261, 0.076702, 0.077686, 0.078351, 0.077376, 0.062928, 0.059843, 0.058176, 0.058502, 0.058608, 0.063902, 0.069806, 0.086748, 0.10455, 0.129834, 0.144593, 0.206356, 0.226107, 0.267704, 0.273405, 0.271504, 0.264719, 0.257586, 0.211278, 0.211601, 0.194186, 0.201897, 0.22512, 0.25193, 0.264416, 0.305111, 0.319235, 0.349249, 0.363562, 0.389232, 0.390434, 0.392384, 0.396644, 0.426677, 0.417798, 0.440329, 0.590656, 0.625095, 0.648901, 0.65574, 0.673257, 0.692521, 0.718937, 0.578165, 0.554672, 0.549789, 0.569077, 0.556884, 0.564745, 0.53529, 0.520939, 0.534127, 0.562491, 0.600851, 0.605684, 0.595072, 0.616116, 0.632597, 0.645148, 0.639837, 0.613136, 0.651129, 0.746827, 0.771541, 0.825271, 0.853199, 0.910987, 0.912333, 0.915809, 0.878715, 0.861617, 0.880175, 0.876628, 0.859875, 0.848021, 0.86664, 0.929358, 0.986238, 0.974575, 0.976565, 0.981166, 1.0, 0.996947, 0.925323, 0.885533], "Anna Karenina": [0.230118, 0.237351, 0.241, 0.243745, 0.242702, 0.246651, 0.239599, 0.244008, 0.261375, 0.255757, 0.250651, 0.250991, 0.230549, 0.228393, 0.219085, 0.201694, 0.195799, 0.188091, 0.166957, 0.165809, 0.169874, 0.188533, 0.192145, 0.206535, 0.233882, 0.272911, 0.298691, 0.315407, 0.317856, 0.322705, 0.34291, 0.3573, 0.478736, 0.537188, 0.56935, 0.571051, 0.59768, 0.603253, 0.587409, 0.452228, 0.394482, 0.366457, 0.378228, 0.402283, 0.445822, 0.557152, 0.603267, 0.619995, 0.637097, 0.64354, 0.627958, 0.586156, 0.494161, 0.472957, 0.480922, 0.483321, 0.487315, 0.502732, 0.512464, 0.522281, 0.513721, 0.507633, 0.507862, 0.521581, 0.529539, 0.564393, 0.579678, 0.612219, 0.64207, 0.665411, 0.669206, 0.650537, 0.637778, 0.622809, 0.643512, 0.669095, 0.679447, 0.683036, 0.719605, 0.723309, 0.740474, 0.704926, 0.687145, 0.672249, 0.668104, 0.682998, 0.667625, 0.677931, 0.683884, 0.717025, 0.749153, 0.776061, 0.774328, 0.796854, 0.812453, 0.848854, 0.823003, 0.806298, 0.803829, 0.795318, 0.788673, 0.78145, 0.779343, 0.770647, 0.801186, 0.799437, 0.795454, 0.837231, 0.867144, 0.849057, 0.864334, 0.876415, 0.915007, 0.979004, 0.970837, 0.954932, 0.979108, 1.0, 0.995188, 0.986637], "Brave New World": [0.0, 0.0, 0.0, 0.0, 0.0, 0.0, 0.0, 0.0, 0.0, 0.0, 0.0, 0.0, 0.0, 0.0, 0.0, 0.0, 0.0, 0.0, 0.0, 0.0, 0.0, 0.0, 0.0, 0.0, 0.0, 0.0, 0.0, 0.007016, 0.017011, 0.079574, 0.09756, 0.12984, 0.159163, 0.19708, 0.248165, 0.293608, 0.274229, 0.285421, 0.285306, 0.298527, 0.309933, 0.301676, 0.297577, 0.299641, 0.297955, 0.307163, 0.298715, 0.279955, 0.263054, 0.248031, 0.249185, 0.255746, 0.260698, 0.274771, 0.29018, 0.330313, 0.398879, 0.452618, 0.48235, 0.513818, 0.538973, 0.565752, 0.577247, 0.546446, 0.520699, 0.523107, 0.527867, 0.553834, 0.576319, 0.59369, 0.605887, 0.634863, 0.631899, 0.620328, 0.611267, 0.590135, 0.568171, 0.554424, 0.535297, 0.538807, 0.543512, 0.547702, 0.549748, 0.547191, 0.557033, 0.550797, 0.541177, 0.53999, 0.52575, 0.527574, 0.537428, 0.555845, 0.570278, 0.611555, 0.638442, 0.663157, 0.697083, 0.738999, 0.773584, 0.810621, 0.816501, 0.839201, 0.862102, 0.878642, 0.878858, 0.851923, 0.867854, 0.876171, 0.874127, 0.849176, 0.84502, 0.8626, 0.881058, 0.900801, 0.912401, 0.933435, 0.963657, 0.97825, 0.975061, 1.0], "Madame Bovary": [0.344218, 0.388273, 0.37896, 0.379652, 0.34478, 0.338966, 0.313262, 0.325621, 0.271978, 0.265381, 0.255247, 0.256277, 0.257112, 0.237245, 0.216884, 0.208213, 0.221282, 0.241232, 0.271637, 0.292718, 0.321871, 0.344768, 0.351479, 0.349413, 0.356182, 0.371461, 0.38375, 0.38947, 0.426039, 0.451648, 0.480554, 0.503562, 0.483925, 0.489379, 0.530246, 0.521603, 0.5453, 0.5552, 0.548144, 0.546969, 0.536867, 0.505274, 0.474638, 0.437719, 0.469568, 0.521225, 0.700703, 0.773437, 0.803319, 0.844266, 0.863157, 0.849693, 0.835758, 0.697943, 0.715361, 0.715426, 0.713594, 0.736223, 0.744334, 0.756529, 0.744804, 0.714231, 0.708524, 0.761647, 0.80216, 0.809926, 0.798554, 0.845311, 0.853111, 0.86908, 0.838239, 0.796879, 0.765892, 0.74389, 0.724286, 0.703788, 0.701081, 0.700741, 0.777383, 0.796971, 0.806349, 0.805636, 0.81814, 0.806903, 0.808114, 0.742294, 0.749223, 0.762297, 0.763942, 0.800895, 0.843966, 0.857277, 0.854411, 0.861641, 0.876636, 0.895425, 0.87903, 0.853256, 0.852309, 0.884563, 0.866797, 0.886128, 0.87897, 0.892201, 0.931935, 0.919441, 0.925759, 0.968982, 0.961891, 0.950096, 0.940815, 0.928717, 0.944916, 0.947902, 0.971101, 0.977032, 0.983006, 0.983818, 0.982324, 1.0], "The Catcher In The Rye": [0.0, 0.0, 0.0, 0.0, 0.0, 0.0, 0.0, 0.0, 0.0, 0.0, 0.0, 0.0, 0.0, 0.0, 0.0, 0.0, 0.0, 0.0, 0.0, 0.0, 0.0, 0.0, 0.0, 0.0, 0.0, 0.0, 0.0, 0.0, 0.0, 0.0, 0.0, 0.0, 0.0, 0.0, 0.0, 0.0, 0.0, 0.0, 0.0, 0.0, 0.0, 0.0, 0.0, 0.0, 0.0, 0.0, 0.0, 0.024476, 0.062168, 0.161507, 0.178467, 0.178467, 0.178467, 0.194605, 0.19249, 0.17241, 0.252077, 0.358493, 0.436768, 0.513412, 0.646207, 0.736421, 0.749183, 0.644026, 0.581871, 0.587383, 0.620471, 0.495881, 0.402192, 0.398158, 0.339228, 0.290012, 0.334917, 0.258751, 0.245492, 0.266164, 0.241711, 0.316444, 0.358851, 0.285209, 0.314881, 0.344877, 0.394758, 0.42554, 0.388771, 0.374757, 0.395772, 0.388654, 0.413206, 0.349136, 0.318355, 0.284248, 0.343708, 0.30473, 0.295786, 0.296366, 0.287245, 0.357844, 0.393816, 0.40021, 0.50685, 0.51091, 0.578233, 0.823827, 0.847997, 0.882104, 0.926847, 0.904814, 1.0, 0.973715, 0.784019, 0.825517, 0.814803, 0.730826, 0.681751, 0.721913, 0.668043, 0.703372, 0.653271, 0.664302], "To Kill A Mockingbird": [0.0, 0.0, 0.0, 0.0, 0.0, 0.0, 0.0, 0.0, 0.0, 0.0, 0.0, 0.0, 0.0, 0.0, 0.0, 0.0, 0.0, 0.0, 0.0, 0.0, 0.0, 0.0, 0.0, 0.0, 0.0, 0.0, 0.0, 0.0, 0.0, 0.0, 0.0, 0.0, 0.0, 0.0, 0.0, 0.0, 0.0, 0.0, 0.0, 0.0, 0.0, 0.0, 0.0, 0.0, 0.0, 0.0, 0.0, 0.0, 0.0, 0.0, 0.0, 0.0, 0.0, 0.0, 0.0, 0.005635, 0.013926, 0.042364, 0.124646, 0.326352, 0.824164, 0.92127, 0.972255, 0.99303, 1.0, 0.972788, 0.800806, 0.339862, 0.268871, 0.254149, 0.251898, 0.24329, 0.214794, 0.202501, 0.189505, 0.19137, 0.182641, 0.182811, 0.180465, 0.217969, 0.275766, 0.301328, 0.32261, 0.324715, 0.341068, 0.373759, 0.373802, 0.378915, 0.415699, 0.496564, 0.549399, 0.600867, 0.619514, 0.621605, 0.669659, 0.675699, 0.612918, 0.621494, 0.627859, 0.626389, 0.629977, 0.580141, 0.580746, 0.609715, 0.639402, 0.640461, 0.694417, 0.708412, 0.70922, 0.696927, 0.679561, 0.642823, 0.625251, 0.596218, 0.583514, 0.584885, 0.600922, 0.608969, 0.611701, 0.619214],