{"years": [1900, 1901, 1902, 1903, 1904, 1905, 1906, 1907, 1908, 1909, 1910, 1911, 1912, 1913, 1914, 1915, 1916, 1917, 1918, 1919, 1920, 1921, 1922, 1923, 1924, 1925, 1926, 1927, 1928, 1929, 1930, 1931, 1932, 1933, 1934, 1935, 1936, 1937, 1938, 1939, 1940, 1941, 1942, 1943, 1944, 1945, 1946, 1947, 1948, 1949, 1950, 1951, 1952, 1953, 1954, 1955, 1956, 1957, 1958, 1959, 1960, 1961, 1962, 1963, 1964, 1965, 1966, 1967, 1968, 1969, 1970, 1971, 1972, 1973, 1974, 1975, 1976, 1977, 1978, 1979, 1980, 1981, 1982, 1983, 1984, 1985, 1986, 1987, 1988, 1989, 1990, 1991, 1992, 1993, 1994, 1995, 1996, 1997, 1998, 1999, 2000, 2001, 2002, 2003, 2004, 2005, 2006, 2007, 2008, 2009, 2010, 2011, 2012, 2013, 2014, 2015, 2016, 2017, 2018, 2019], "series": {"Jane Eyre": [0.829099, 0.785559, 0.763728, 0.763902, 0.693826, 0.672123, 0.609092, 0.537401, 0.510299, 0.469123, 0.405499, 0.43756, 0.401349, 0.392537, 0.367669, 0.3274, 0.318729, 0.3023, 0.23117, 0.22932, 0.227963, 0.23699, 0.241598, 0.242068, 0.261215, 0.287703, 0.31224, 0.326509, 0.340646, 0.372305, 0.394903, 0.39773, 0.40473, 0.433419, 0.457767, 0.465761, 0.457116, 0.444659, 0.441189, 0.427206, 0.441408, 0.476039, 0.485093, 0.532011, 0.561388, 0.56002, 0.56101, 0.516842, 0.457597, 0.422039, 0.370328, 0.34142, 0.332, 0.329646, 0.316535, 0.312066, 0.318896, 0.309896, 0.306315, 0.298307, 0.30271, 0.307483, 0.360128, 0.376111, 0.388564, 0.410115, 0.436848, 0.457999, 0.470121, 0.421462, 0.422719, 0.425874, 0.408417, 0.394695, 0.384263, 0.385856, 0.419991, 0.416603, 0.443762, 0.474674, 0.482733, 0.488557, 0.49921, 0.476993, 0.503272, 0.492812, 0.482528, 0.494784, 0.49715, 0.502079, 0.524488, 0.509839, 0.510136, 0.592143, 0.612584, 0.65073, 0.701652, 0.721853, 0.7507, 0.776064, 0.720565, 0.736343, 0.744931, 0.739791, 0.766512, 0.80191, 0.824302, 0.84132, 0.842195, 0.826954, 0.837968, 0.846215, 0.848063, 0.913166, 0.931346, 0.963883, 0.974253, 0.982826, 0.985651, 1.0], "Frankenstein": [0.126718, 0.126144, 0.124073, 0.124251, 0.119185, 0.118118, 0.113615, 0.111594, 0.108869, 0.109253, 0.107482, 0.110709, 0.112157, 0.11319, 0.113719, 0.115239, 0.112118, 0.117409, 0.120583, 0.124739, 0.125973, 0.125864, 0.123936, 0.126765, 0.127642, 0.123914, 0.122396, 0.122708, 0.136653, 0.158486, 0.171354, 0.179449, 0.202904, 0.213472, 0.220512, 0.224776, 0.223367, 0.219412, 0.216148, 0.211757, 0.218758, 0.226828, 0.228827, 0.223023, 0.2279, 0.245677, 0.239802, 0.233419, 0.230192, 0.222428, 0.223713, 0.222231, 0.202538, 0.199703, 0.210586, 0.227488, 0.229481, 0.227069, 0.223458, 0.225677, 0.225176, 0.21159, 0.187771, 0.181282, 0.177696, 0.185443, 0.185618, 0.198623, 0.206647, 0.220889, 0.247109, 0.27205, 0.303064, 0.3283, 0.340227, 0.35072, 0.364355, 0.364606, 0.375464, 0.367685, 0.367264, 0.388997, 0.396778, 0.398615, 0.396204, 0.383348, 0.378247, 0.39462, 0.389987, 0.39851, 0.414324, 0.447315, 0.486669, 0.534044, 0.559295, 0.571931, 0.606073, 0.646686, 0.661036, 0.667234, 0.655119, 0.65123, 0.660732, 0.669176, 0.663582, 0.672272, 0.693529, 0.705219, 0.716337, 0.721035, 0.732601, 0.759251, 0.798329, 0.839008, 0.862494, 0.926474, 0.959041, 0.984067, 1.0, 0.997761], "Great Expectations": [0.328245, 0.318653, 0.301558, 0.319657, 0.347806, 0.352042, 0.336681, 0.330567, 0.342383, 0.360536, 0.3644, 0.352795, 0.351509, 0.355309, 0.34495, 0.316115, 0.285957, 0.251197, 0.218083, 0.200738, 0.189468, 0.183247, 0.182022, 0.188173, 0.188205, 0.197841, 0.204419, 0.201882, 0.193633, 0.187994, 0.187946, 0.217452, 0.252349, 0.260762, 0.256878, 0.266312, 0.269, 0.266401, 0.232562, 0.195016, 0.179001, 0.186931, 0.189814, 0.229004, 0.376206, 0.462336, 0.498996, 0.529199, 0.554147, 0.569411, 0.547586, 0.420956, 0.356384, 0.337605, 0.331149, 0.323969, 0.317359, 0.336951, 0.338153, 0.340528, 0.345073, 0.346687, 0.368715, 0.374934, 0.364347, 0.366019, 0.371272, 0.424826, 0.451281, 0.44749, 0.451127, 0.462913, 0.468121, 0.48037, 0.446074, 0.427734, 0.440186, 0.455509, 0.475069, 0.502427, 0.504393, 0.515585, 0.554672, 0.590921, 0.59825, 0.60203, 0.599022, 0.629542, 0.640942, 0.653561, 0.622019, 0.633223, 0.651234, 0.661255, 0.660189, 0.685574, 0.712044, 0.755804, 0.77275, 0.77026, 0.788375, 0.801773, 0.786447, 0.775387, 0.750989, 0.740204, 0.748625, 0.805894, 0.828849, 0.858762, 0.865289, 0.886208, 0.932892, 1.0, 0.954425, 0.925102, 0.894309, 0.894271, 0.899173, 0.873991], "Mrs Dalloway": [0.0, 0.0, 0.0, 0.0, 0.0, 0.0, 0.0, 0.0, 0.0, 0.0, 0.0, 0.0, 0.0, 0.0, 0.0, 0.0, 0.0, 0.0, 0.0, 0.0, 0.02198, 0.018027, 0.019427, 0.018997, 0.027007, 0.031921, 0.03123, 0.023985, 0.029109, 0.025919, 0.026512, 0.017911, 0.014058, 0.015156, 0.014379, 0.013311, 0.014297, 0.012694, 0.018052, 0.017724, 0.020108, 0.024236, 0.036523, 0.039221, 0.04633, 0.044471, 0.056107, 0.055159, 0.061945, 0.048614, 0.048648, 0.049371, 0.062827, 0.056446, 0.055116, 0.048814, 0.050484, 0.053706, 0.050219, 0.037505, 0.046256, 0.057239, 0.080525, 0.081576, 0.088298, 0.091417, 0.099978, 0.116446, 0.112128, 0.104834, 0.134216, 0.131864, 0.148621, 0.148045, 0.152697, 0.158532, 0.167349, 0.15379, 0.171932, 0.170207, 0.172042, 0.165725, 0.170894, 0.169601, 0.178093, 0.168787, 0.181375, 0.215673, 0.221027, 0.239567, 0.245521, 0.321516, 0.334404, 0.336965, 0.340127, 0.351229, 0.37045, 0.420395, 0.375935, 0.395182, 0.449771, 0.493893, 0.515043, 0.532986, 0.530789, 0.547024, 0.638628, 0.642233, 0.624104, 0.637889, 0.649243, 0.688889, 0.816721, 0.81462, 0.857323, 0.910077, 0.92306, 0.975376, 1.0, 0.889561], "Things Fall Apart": [0.0, 0.0, 0.0, 0.0, 0.0, 0.0, 0.0, 0.0, 0.0, 0.0, 0.0, 0.0, 0.0, 0.0, 0.0, 0.0, 0.0, 0.0, 0.0, 0.0, 0.0, 0.0, 0.0, 0.0, 0.0, 0.0, 0.0, 0.0, 0.0, 0.0, 0.0, 0.0, 0.0, 0.0, 0.0, 0.0, 0.0, 0.0, 0.0, 0.0, 0.0, 0.0, 0.0, 0.0, 0.0, 0.0, 0.0, 0.0, 0.0, 0.0, 0.0, 0.0, 0.0, 0.006972, 0.008611, 0.022084, 0.030203, 0.042034, 0.052701, 0.06993, 0.080238, 0.095225, 0.107497, 0.11608, 0.125138, 0.140129, 0.159742, 0.189619, 0.210508, 0.237939, 0.271918, 0.287233, 0.315544, 0.314456, 0.326512, 0.358375, 0.358214, 0.36808, 0.409315, 0.399429, 0.417188, 0.420608, 0.403833, 0.417013, 0.412128, 0.396885, 0.411315, 0.450981, 0.48236, 0.530892, 0.537787, 0.55897, 0.60102, 0.63089, 0.644548, 0.684682, 0.683539, 0.74362, 0.79996, 0.830129, 0.894088, 0.937312, 0.919505, 0.947522, 0.977958, 0.997401, 1.0, 0.968028, 0.943272, 0.925324, 0.88871, 0.836021, 0.796305, 0.776081, 0.749368, 0.758618, 0.767434, 0.788092, 0.791401, 0.786134], "Beloved": [0.0, 0.0, 0.0, 0.0, 0.0, 0.0, 0.0, 0.0, 0.0, 0.0, 0.0, 0.0, 0.0, 0.0, 0.0, 0.0, 0.0, 0.0, 0.0, 0.0, 0.0, 0.0, 0.0, 0.0, 0.0, 0.0, 0.0, 0.0, 0.0, 0.0, 0.0, 0.0, 0.0, 0.0, 0.0, 0.0, 0.0, 0.0, 0.0, 0.0, 0.0, 0.0, 0.0, 0.0, 0.0, 0.0, 0.0, 0.0, 0.0, 0.0, 0.0, 0.0, 0.0, 0.0, 0.0, 0.0, 0.0, 0.0, 0.0, 0.0, 0.0, 0.0, 0.0, 0.0, 0.0, 0.0, 0.0, 0.0, 0.0, 0.0, 0.0, 0.0, 0.0, 0.0, 0.0, 0.0, 0.0, 0.0, 0.0, 0.0, 0.0, 0.0, 0.302789, 0.306587, 0.315376, 0.321103, 0.328758, 0.338097, 0.356797, 0.374223, 0.393294, 0.407393, 0.439798, 0.468145, 0.491304, 0.526321, 0.557703, 0.599376, 0.63554, 0.656494, 0.68507, 0.73742, 0.754543, 0.777374, 0.787122, 0.82066, 0.849608, 0.870759, 0.870438, 0.864409, 0.857228, 0.873483, 0.892925, 0.896161, 0.921481, 0.931716, 0.953703, 0.988169, 1.0, 0.979498],