{"years": [1900, 1901, 1902, 1903, 1904, 1905, 1906, 1907, 1908, 1909, 1910, 1911, 1912, 1913, 1914, 1915, 1916, 1917, 1918, 1919, 1920, 1921, 1922, 1923, 1924, 1925, 1926, 1927, 1928, 1929, 1930, 1931, 1932, 1933, 1934, 1935, 1936, 1937, 1938, 1939, 1940, 1941, 1942, 1943, 1944, 1945, 1946, 1947, 1948, 1949, 1950, 1951, 1952, 1953, 1954, 1955, 1956, 1957, 1958, 1959, 1960, 1961, 1962, 1963, 1964, 1965, 1966, 1967, 1968, 1969, 1970, 1971, 1972, 1973, 1974, 1975, 1976, 1977, 1978, 1979, 1980, 1981, 1982, 1983, 1984, 1985, 1986, 1987, 1988, 1989, 1990, 1991, 1992, 1993, 1994, 1995, 1996, 1997, 1998, 1999, 2000, 2001, 2002, 2003, 2004, 2005, 2006, 2007, 2008, 2009, 2010, 2011, 2012, 2013, 2014, 2015, 2016, 2017, 2018, 2019], "series": {"Little Women": [0.407098, 0.396405, 0.386663, 0.399779, 0.404863, 0.3928, 0.378712, 0.396117, 0.399219, 0.431583, 0.460597, 0.475853, 0.477083, 0.456664, 0.421866, 0.409351, 0.375552, 0.344713, 0.323177, 0.336716, 0.35196, 0.376919, 0.402927, 0.438774, 0.441473, 0.476715, 0.482554, 0.489857, 0.497656, 0.553937, 0.621171, 0.827496, 0.893308, 0.922472, 0.954449, 1.0, 0.96839, 0.901786, 0.701617, 0.615023, 0.574916, 0.547604, 0.490635, 0.474572, 0.462519, 0.484459, 0.590916, 0.617936, 0.60403, 0.59044, 0.572116, 0.549788, 0.517137, 0.403367, 0.381994, 0.397692, 0.393238, 0.384886, 0.377549, 0.36305, 0.351062, 0.322487, 0.281731, 0.273383, 0.259628, 0.285826, 0.294516, 0.298964, 0.302446, 0.323319, 0.320138, 0.3227, 0.287682, 0.267417, 0.273197, 0.27123, 0.256412, 0.26553, 0.290914, 0.298888, 0.317786, 0.326126, 0.340129, 0.344333, 0.360327, 0.347818, 0.359345, 0.370599, 0.370312, 0.370185, 0.397314, 0.402134, 0.457466, 0.502254, 0.528766, 0.567979, 0.632452, 0.657093, 0.686474, 0.65944, 0.643819, 0.642943, 0.626094, 0.586214, 0.556558, 0.53091, 0.528629, 0.523, 0.512395, 0.492862, 0.496249, 0.530212, 0.558656, 0.556685, 0.534197, 0.543676, 0.561388, 0.563227, 0.538168, 0.505713], "Don Quixote": [1.0, 0.983595, 0.967342, 0.968792, 0.990318, 0.928013, 0.860984, 0.862716, 0.860823, 0.794196, 0.761883, 0.655542, 0.611331, 0.63601, 0.591778, 0.535956, 0.541446, 0.541224, 0.550452, 0.550037, 0.581776, 0.642288, 0.665261, 0.713503, 0.729256, 0.774952, 0.7733, 0.736995, 0.7061, 0.699049, 0.643788, 0.619867, 0.593508, 0.589715, 0.585599, 0.562452, 0.556657, 0.562884, 0.562037, 0.531814, 0.516417, 0.484434, 0.467763, 0.491218, 0.510504, 0.526801, 0.587767, 0.663648, 0.668652, 0.754641, 0.72651, 0.727119, 0.71543, 0.669996, 0.62014, 0.62616, 0.559781, 0.568887, 0.55706, 0.544432, 0.536661, 0.531486, 0.54719, 0.563491, 0.592171, 0.617676, 0.632416, 0.657256, 0.661683, 0.639598, 0.625459, 0.607908, 0.573357, 0.557768, 0.531041, 0.534283, 0.537888, 0.534038, 0.509907, 0.500875, 0.491387, 0.483475, 0.463289, 0.468277, 0.457259, 0.465083, 0.457819, 0.473296, 0.487635, 0.490748, 0.501268, 0.502232, 0.48931, 0.490323, 0.481925, 0.485576, 0.495514, 0.472308, 0.477029, 0.492305, 0.525946, 0.557578, 0.563295, 0.59997, 0.601919, 0.647699, 0.705626, 0.689896, 0.692551, 0.671895, 0.623744, 0.657649, 0.646144, 0.625342, 0.668599, 0.670834, 0.713814, 0.752023, 0.762337, 0.773566], "Bleak House": [0.960848, 0.900971, 0.89603, 0.893994, 0.910447, 0.920238, 0.890705, 0.872743, 0.917759, 0.971947, 0.959865, 0.957345, 0.928433, 0.964706, 0.928731, 0.856555, 0.782395, 0.753542, 0.705531, 0.726264, 0.707107, 0.78246, 0.838911, 0.85234, 0.830755, 0.822401, 0.81827, 0.79891, 0.718852, 0.643086, 0.618907, 0.64246, 0.63626, 0.604979, 0.576008, 0.591654, 0.58255, 0.566769, 0.526148, 0.517929, 0.500639, 0.500969, 0.474269, 0.460932, 0.446604, 0.43703, 0.418373, 0.427724, 0.426148, 0.448442, 0.485234, 0.498329, 0.500625, 0.504061, 0.496012, 0.493637, 0.46812, 0.444388, 0.434553, 0.434252, 0.444982, 0.436185, 0.466915, 0.485148, 0.507072, 0.544475, 0.564663, 0.67918, 0.769434, 0.785931, 0.787199, 0.794679, 0.76985, 0.761449, 0.671864, 0.617921, 0.589326, 0.578978, 0.614537, 0.634507, 0.634801, 0.618274, 0.637669, 0.661722, 0.710905, 0.682784, 0.688607, 0.71662, 0.728844, 0.712126, 0.699004, 0.648119, 0.667124, 0.647906, 0.62061, 0.613064, 0.639045, 0.634869, 0.641263, 0.611743, 0.635504, 0.700907, 0.696697, 0.656359, 0.681652, 0.754971, 0.799575, 0.798362, 0.806453, 0.82357, 0.885947, 0.896946, 0.879697, 0.932944, 0.970951, 0.959127, 0.967548, 0.962331, 0.984913, 1.0], "Les Miserables": [0.865292, 0.808689, 0.782545, 0.739806, 0.722741, 0.716708, 0.741604, 0.741264, 0.729055, 0.740972, 0.744134, 0.750586, 0.7496, 0.69926, 0.735149, 0.747854, 0.721118, 0.699742, 0.675877, 0.655675, 0.676926, 0.646717, 0.661295, 0.724414, 0.765405, 0.779646, 0.772572, 0.737608, 0.71033, 0.674909, 0.616263, 0.608152, 0.852567, 0.931457, 0.95515, 0.972185, 0.992329, 1.0, 0.9713, 0.712051, 0.632378, 0.608479, 0.597111, 0.578191, 0.643698, 0.628928, 0.596241, 0.577672, 0.583453, 0.757134, 0.804798, 0.731932, 0.714232, 0.718032, 0.710331, 0.675239, 0.472425, 0.401117, 0.370413, 0.357135, 0.34508, 0.328095, 0.320061, 0.320519, 0.307879, 0.327645, 0.336984, 0.356977, 0.354173, 0.353056, 0.334369, 0.334269, 0.300176, 0.285393, 0.261143, 0.260674, 0.257164, 0.266074, 0.270779, 0.268918, 0.279448, 0.27573, 0.292428, 0.318929, 0.362723, 0.419508, 0.502654, 0.583803, 0.681091, 0.796644, 0.89047, 0.904807, 0.939436, 0.962083, 0.933713, 0.927031, 0.886469, 0.883949, 0.889822, 0.8468, 0.783755, 0.776216, 0.730015, 0.696057, 0.633469, 0.612597, 0.595453, 0.589682, 0.571181, 0.538857, 0.523058, 0.522392, 0.528072, 0.54367, 0.541663, 0.522831, 0.545214, 0.542991, 0.528374, 0.50685], "Song Of Solomon": [0.0, 0.0, 0.0, 0.0, 0.0, 0.0, 0.0, 0.0, 0.0, 0.0, 0.0, 0.0, 0.0, 0.0, 0.0, 0.0, 0.0, 0.0, 0.0, 0.0, 0.0, 0.0, 0.0, 0.0, 0.0, 0.0, 0.0, 0.0, 0.0, 0.0, 0.0, 0.0, 0.0, 0.0, 0.0, 0.0, 0.0, 0.0, 0.0, 0.0, 0.0, 0.0, 0.0, 0.0, 0.0, 0.0, 0.0, 0.0, 0.0, 0.0, 0.0, 0.0, 0.0, 0.0, 0.0, 0.0, 0.0, 0.0, 0.0, 0.0, 0.0, 0.0, 0.0, 0.0, 0.0, 0.0, 0.0, 0.0, 0.0, 0.0, 0.0, 0.0, 0.001658, 0.001359, 0.00232, 0.003682, 0.004448, 0.004578, 0.004147, 0.004125, 0.004435, 0.003547, 0.00259, 0.001906, 0.001894, 0.001977, 0.001811, 0.001558, 0.001507, 0.000887, 0.001108, 0.001222, 0.001269, 0.001481, 0.001642, 0.001603, 0.001566, 0.001445, 0.001404, 0.001573, 0.001814, 0.002237, 0.002678, 0.002847, 0.003032, 0.002934, 0.002922, 0.002637, 0.002578, 0.00301, 0.002921, 0.002661, 0.00289, 0.006679, 0.554126, 0.572308, 0.572142, 0.667315, 0.800592, 1.0]}, "events": {}}