{"years": [0, 1, 2, 3, 4, 5, 6, 7, 8, 9, 10, 11, 12, 13, 14, 15, 16, 17, 18, 19, 20, 21, 22, 23, 24, 25, 26, 27, 28, 29, 30, 31, 32, 33, 34, 35, 36, 37, 38, 39, 40, 41, 42, 43, 44, 45, 46, 47, 48, 49, 50, 51, 52, 53, 54, 55, 56, 57, 58, 59, 60, 61, 62, 63, 64, 65, 66, 67, 68, 69, 70, 71, 72, 73, 74, 75, 76, 77, 78, 79, 80, 81, 82, 83, 84, 85, 86, 87, 88, 89, 90, 91, 92, 93, 94, 95, 96, 97, 98, 99, 100, 101, 102, 103, 104, 105, 106, 107, 108, 109, 110, 111, 112, 113, 114, 115, 116, 117, 118, 119, 120, 121, 122, 123, 124, 125, 126, 127, 128, 129, 130, 131, 132, 133, 134, 135, 136, 137, 138, 139, 140, 141, 142, 143, 144, 145, 146, 147, 148, 149], "series": {"Historical Fiction": [0.29589, 0.330549, 0.358392, 0.377756, 0.370325, 0.342317, 0.322355, 0.284307, 0.277902, 0.279969, 0.287137, 0.286959, 0.278344, 0.276657, 0.27258, 0.279808, 0.283141, 0.282972, 0.294169, 0.307275, 0.314543, 0.320045, 0.320927, 0.327729, 0.32924, 0.332081, 0.334881, 0.341246, 0.345597, 0.353285, 0.349407, 0.353106, 0.354818, 0.359549, 0.365743, 0.371602, 0.371766, 0.386523, 0.3853, 0.385056, 0.384825, 0.385847, 0.387897, 0.380899, 0.382069, 0.391903, 0.393285, 0.403389, 0.404024, 0.404914, 0.404518, 0.404017, 0.399193, 0.415829, 0.399605, 0.401545, 0.410958, 0.416262, 0.415846, 0.413884, 0.40527, 0.410577, 0.41145, 0.412532, 0.417569, 0.413966, 0.416712, 0.420381, 0.427161, 0.418012, 0.40905, 0.408907, 0.420181, 0.439815, 0.446582, 0.445471, 0.447042, 0.452601, 0.448928, 0.447112, 0.427362, 0.424061, 0.417136, 0.431334, 0.458344, 0.466327, 0.469251, 0.489687, 0.497626, 0.489058, 0.47673, 0.457914, 0.449405, 0.443001, 0.41976, 0.393553, 0.425354, 0.441942, 0.457896, 0.46808, 0.479248, 0.496994, 0.51527, 0.493456, 0.47285, 0.456469, 0.451585, 0.454453, 0.442342, 0.418616, 0.410758, 0.412644, 0.41649, 0.419705, 0.400071, 0.426781, 0.47204, 0.485255, 0.506739, 0.506524, 0.500864, 0.482374, 0.44775, 0.397925, 0.401124, 0.382541, 0.395405, 0.40667, 0.415727, 0.41711, 0.420114, 0.424684, 0.444168, 0.435138, 0.435603, 0.435112, 0.454288, 0.459629, 0.457985, 0.450097, 0.445001, 0.43844, 0.459215, 0.459683, 0.464849, 0.468664, 0.489843, 0.510429, 0.533779, 0.544659], "Literary Fiction": [0.390985, 0.429458, 0.4676, 0.490104, 0.495818, 0.464535, 0.455032, 0.376801, 0.357693, 0.340924, 0.339135, 0.319858, 0.324026, 0.332339, 0.341545, 0.351964, 0.360059, 0.364411, 0.380956, 0.387355, 0.387889, 0.38814, 0.385754, 0.394648, 0.405955, 0.406094, 0.417087, 0.428645, 0.433376, 0.440246, 0.437353, 0.431461, 0.432956, 0.480031, 0.499901, 0.513167, 0.524353, 0.552199, 0.564817, 0.569224, 0.541816, 0.527756, 0.552135, 0.531052, 0.557903, 0.574955, 0.5754, 0.571849, 0.579109, 0.578778, 0.576479, 0.555406, 0.548492, 0.571776, 0.560386, 0.555383, 0.5587, 0.558589, 0.554113, 0.544758, 0.550544, 0.544789, 0.550383, 0.545591, 0.533929, 0.516604, 0.520318, 0.517873, 0.579256, 0.575823, 0.566104, 0.578413, 0.573708, 0.56315, 0.557169, 0.547124, 0.552738, 0.555999, 0.499894, 0.492678, 0.561833, 0.505505, 0.513563, 0.506666, 0.506251, 0.526135, 0.608646, 0.564621, 0.582364, 0.573589, 0.541708, 0.556717, 0.539748, 0.507559, 0.519423, 0.470574, 0.540341, 0.547456, 0.420818, 0.402612, 0.453694, 0.470237, 0.445854, 0.439028, 0.466867, 0.455312, 0.505307, null, null, null, null, null, null, null, null, null, null, null, null, null, null, null, null, null, null, null, null, null, null, null, null, null, null, null, null, null, null, null, null, null, null, null, null, null, null, null, null, null, null, null], "Romance": [0.240088, 0.276444, 0.307704, 0.333237, 0.343355, 0.310332, 0.29, 0.289792, 0.281117, 0.285156, 0.289554, 0.285765, 0.270597, 0.265085, 0.242672, 0.250777, 0.234327, 0.22687, 0.224816, 0.232093, 0.235393, 0.245755, 0.236806, 0.248004, 0.25108, 0.265009, 0.278628, 0.29234, 0.289172, 0.289646, 0.286214, 0.285354, 0.285923, 0.279355, 0.27292, 0.279035, 0.282778, 0.285443, 0.285481, 0.277652, 0.278549, 0.284476, 0.285758, 0.297812, 0.329591, 0.351869, 0.365562, 0.380654, 0.383739, 0.388084, 0.387434, 0.371096, 0.358511, 0.363097, 0.350425, 0.358527, 0.375678, 0.381461, 0.372108, 0.369636, 0.359103, 0.364083, 0.36253, 0.351844, 0.349465, 0.324414, 0.330833, 0.335302, 0.337913, 0.338086, 0.335848, 0.341708, 0.354128, 0.359727, 0.360501, 0.362836, 0.362548, 0.363345, 0.363638, 0.360984, 0.359787, 0.365531, 0.343882, 0.346009, 0.368585, 0.360927, 0.362423, 0.377334, 0.390877, 0.386793, 0.392609, 0.398922, 0.398505, 0.408948, 0.398107, 0.35134, 0.380246, 0.388457, 0.389785, 0.401793, 0.399514, 0.413062, 0.41497, 0.376741, 0.356207, 0.344938, 0.338722, 0.380211, 0.370771, 0.372192, 0.365879, 0.371971, 0.381751, 0.388647, 0.377059, 0.40063, 0.463445, 0.46479, 0.507258, 0.504436, 0.494243, 0.486966, 0.453138, 0.388369, 0.402389, 0.365513, 0.390904, 0.395405, 0.403177, 0.409683, 0.414417, 0.416735, 0.45366, 0.435844, 0.450652, 0.447952, 0.451819, 0.461126, 0.460245, 0.447092, 0.443387, 0.436724, 0.481138, 0.458365, 0.464214, 0.475813, 0.503225, 0.525185, 0.553195, 0.572678], "Fantasy": [0.23511, 0.256228, 0.27293, 0.295741, 0.283304, 0.27493, 0.26887, 0.204068, 0.201011, 0.20203, 0.205272, 0.202852, 0.199575, 0.212698, 0.221351, 0.233713, 0.234872, 0.232842, 0.246555, 0.279312, 0.289478, 0.294135, 0.305989, 0.335973, 0.342212, 0.339706, 0.316886, 0.309231, 0.346303, 0.356254, 0.351491, 0.354071, 0.36328, 0.365324, 0.38341, 0.350155, 0.346235, 0.348509, 0.352874, 0.352464, 0.353875, 0.341407, 0.335877, 0.329264, 0.332143, 0.357825, 0.378099, 0.395087, 0.404716, 0.416643, 0.435909, 0.454062, 0.438881, 0.456132, 0.454897, 0.456877, 0.453772, 0.437826, 0.399827, 0.400606, 0.399792, 0.406265, 0.414915, 0.425973, 0.436287, 0.461832, 0.496982, 0.482977, 0.482906, 0.481472, 0.491136, 0.492357, 0.516599, 0.496354, 0.514186, 0.491849, 0.494538, 0.498229, 0.517609, 0.522027, 0.56524, 0.569807, 0.599365, 0.622864, 0.63147, 0.638458, 0.619357, 0.583002, 0.519773, 0.480799, 0.476809, 0.497477, 0.514688, 0.527854, 0.533273, 0.546246, 0.558859, 0.566347, 0.550313, 0.551234, 0.547501, 0.550616, 0.558001, 0.578458, 0.575586, 0.578824, 0.600533, 0.602293, 0.610351, 0.610752, 0.589497, 0.626917, 0.67807, 0.638983, 0.635376, 0.648503, 0.656433, 0.664617, 0.611071, 0.608052, 0.702723, 0.702396, 0.68752, 0.514294, 0.605637, null, null, null, null, null, null, null, null, null, null, null, null, null, null, null, null, null, null, null, null, null, null, null, null, null], "Adventure": [0.10037, 0.119013, 0.138561, 0.159205, 0.17437, 0.173807, 0.195341, 0.203353, 0.206025, 0.211138, 0.214861, 0.201082, 0.202236, 0.185803, 0.181819, 0.186631, 0.188903, 0.19062, 0.198714, 0.216392, 0.234981, 0.251219, 0.270001, 0.284303, 0.291589, 0.299351, 0.303026, 0.302801, 0.287814, 0.272893, 0.265305, 0.262496, 0.267554, 0.281691, 0.281368, 0.285739, 0.301245, 0.302865, 0.307478, 0.307938, 0.291731, 0.282931, 0.287258, 0.286335, 0.288993, 0.3139, 0.32649, 0.332855, 0.352153, 0.352287, 0.347865, 0.357164, 0.336805, 0.338394, 0.33518, 0.32713, 0.323278, 0.317451, 0.299752, 0.295556, 0.275727, 0.272057, 0.280031, 0.286793, 0.295922, 0.327135, 0.362495, 0.376963, 0.397186, 0.381001, 0.375486, 0.368366, 0.410028, 0.446429, 0.486134, 0.523372, 0.53159, 0.544041, 0.559296, 0.552138, 0.528467, 0.504567, 0.518321, 0.550382, 0.560396, 0.579157, 0.550316, 0.549757, 0.534584, 0.497807, 0.475076, 0.474502, 0.460933, 0.459464, 0.425563, 0.425503, 0.448373, 0.449879, 0.481391, 0.48455, 0.505299, 0.556185, 0.602617, 0.609401, 0.610398, 0.575151, 0.579805, 0.579753, 0.539882, 0.488473, 0.464194, 0.477248, 0.492441, 0.470763, 0.444806, 0.473446, 0.495328, 0.514061, 0.485509, 0.489262, 0.526457, 0.539406, 0.46708, 0.405935, 0.409379, 0.287716, 0.33198, 0.36538, 0.364793, 0.374047, 0.38254, 0.408026, 0.431649, 0.372931, 0.360412, 0.360385, 0.426288, 0.434953, 0.438442, 0.388467, 0.388376, 0.402397, 0.45812, 0.578745, 0.566231, 0.561201, 0.622362, 0.657314, 0.650506, 0.68316],