{"years": [0, 1, 2, 3, 4, 5, 6, 7, 8, 9, 10, 11, 12, 13, 14, 15, 16, 17, 18, 19, 20, 21, 22, 23, 24, 25, 26, 27, 28, 29, 30, 31, 32, 33, 34, 35, 36, 37, 38, 39, 40, 41, 42, 43, 44, 45, 46, 47, 48, 49, 50, 51, 52, 53, 54, 55, 56, 57, 58, 59, 60, 61, 62, 63, 64, 65, 66, 67, 68, 69, 70, 71, 72, 73, 74, 75, 76, 77, 78, 79, 80, 81, 82, 83, 84, 85, 86, 87, 88, 89, 90, 91, 92, 93, 94, 95, 96, 97, 98, 99, 100, 101, 102, 103, 104, 105, 106, 107, 108, 109, 110, 111, 112, 113, 114, 115, 116, 117, 118, 119, 120, 121, 122, 123, 124, 125, 126, 127, 128, 129, 130, 131, 132, 133, 134, 135, 136, 137, 138, 139, 140, 141, 142, 143, 144, 145, 146, 147, 148, 149], "series": {"Historical Fiction": [0.275656, 0.31335, 0.342236, 0.361529, 0.353153, 0.326596, 0.306307, 0.263681, 0.257303, 0.259609, 0.268547, 0.267189, 0.256743, 0.255056, 0.250692, 0.256949, 0.260806, 0.258512, 0.271977, 0.286876, 0.293183, 0.29707, 0.298545, 0.304634, 0.307048, 0.309812, 0.312866, 0.320391, 0.325986, 0.333187, 0.329379, 0.333688, 0.336087, 0.341352, 0.347952, 0.355406, 0.355556, 0.370761, 0.368607, 0.367515, 0.366608, 0.366996, 0.368456, 0.359919, 0.361566, 0.372106, 0.373059, 0.383898, 0.38377, 0.384336, 0.383168, 0.381826, 0.376419, 0.390142, 0.370915, 0.373806, 0.383986, 0.390738, 0.389544, 0.385582, 0.378881, 0.385108, 0.385236, 0.386988, 0.391344, 0.386474, 0.390595, 0.395389, 0.401105, 0.390531, 0.379259, 0.37993, 0.392164, 0.412579, 0.418636, 0.417243, 0.418046, 0.422736, 0.417066, 0.413764, 0.390458, 0.385774, 0.389488, 0.398958, 0.42783, 0.436014, 0.43982, 0.463477, 0.473456, 0.467203, 0.45997, 0.448004, 0.441625, 0.436956, 0.411768, 0.38357, 0.418914, 0.437728, 0.455758, 0.467368, 0.480364, 0.501252, 0.523098, 0.500346, 0.47821, 0.461063, 0.456344, 0.460232, 0.446475, 0.419671, 0.411667, 0.413499, 0.41763, 0.420392, 0.397764, 0.427954, 0.469724, 0.484829, 0.507356, 0.50501, 0.499091, 0.478836, 0.440252, 0.395018, 0.399529, 0.382592, 0.401216, 0.416454, 0.42738, 0.428, 0.431256, 0.436554, 0.458901, 0.448771, 0.447724, 0.447091, 0.470409, 0.47528, 0.472922, 0.464398, 0.456944, 0.449041, 0.473578, 0.476045, 0.482883, 0.486433, 0.511327, 0.535577, 0.563761, 0.578157], "Literary Fiction": [0.390985, 0.429458, 0.4676, 0.490104, 0.495818, 0.464535, 0.455032, 0.376801, 0.357693, 0.340924, 0.339135, 0.319858, 0.324026, 0.332339, 0.341545, 0.351964, 0.360059, 0.364411, 0.380956, 0.387355, 0.387889, 0.38814, 0.385754, 0.394648, 0.405955, 0.406094, 0.417087, 0.428645, 0.433376, 0.440246, 0.437353, 0.431461, 0.432956, 0.480031, 0.499901, 0.513167, 0.524353, 0.552199, 0.564817, 0.569224, 0.541816, 0.527756, 0.552135, 0.531052, 0.557903, 0.574955, 0.5754, 0.571849, 0.579109, 0.578778, 0.576479, 0.555406, 0.548492, 0.571776, 0.560386, 0.555383, 0.5587, 0.558589, 0.554113, 0.544758, 0.550544, 0.544789, 0.550383, 0.545591, 0.533929, 0.516604, 0.520318, 0.517873, 0.579256, 0.575823, 0.566104, 0.578413, 0.573708, 0.56315, 0.557169, 0.547124, 0.552738, 0.555999, 0.499894, 0.492678, 0.561833, 0.505505, 0.513563, 0.506666, 0.506251, 0.526135, 0.608646, 0.564621, 0.582364, 0.573589, 0.541708, 0.556717, 0.539748, 0.507559, 0.519423, 0.470574, 0.540341, 0.547456, 0.420818, 0.402612, 0.453694, 0.470237, 0.445854, 0.439028, 0.466867, 0.455312, 0.505307, null, null, null, null, null, null, null, null, null, null, null, null, null, null, null, null, null, null, null, null, null, null, null, null, null, null, null, null, null, null, null, null, null, null, null, null, null, null, null, null, null, null, null], "Fantasy": [0.23511, 0.256228, 0.27293, 0.295741, 0.283304, 0.27493, 0.26887, 0.204068, 0.201011, 0.20203, 0.205272, 0.202852, 0.199575, 0.212698, 0.221351, 0.233713, 0.234872, 0.232842, 0.246555, 0.279312, 0.289478, 0.294135, 0.305989, 0.335973, 0.342212, 0.339706, 0.316886, 0.309231, 0.346303, 0.356254, 0.351491, 0.354071, 0.36328, 0.365324, 0.38341, 0.350155, 0.346235, 0.348509, 0.352874, 0.352464, 0.353875, 0.341407, 0.335877, 0.329264, 0.332143, 0.357825, 0.378099, 0.395087, 0.404716, 0.416643, 0.435909, 0.454062, 0.438881, 0.456132, 0.454897, 0.456877, 0.453772, 0.437826, 0.399827, 0.400606, 0.399792, 0.406265, 0.414915, 0.425973, 0.436287, 0.461832, 0.496982, 0.482977, 0.482906, 0.481472, 0.491136, 0.492357, 0.516599, 0.496354, 0.514186, 0.491849, 0.494538, 0.498229, 0.517609, 0.522027, 0.56524, 0.569807, 0.599365, 0.622864, 0.63147, 0.638458, 0.619357, 0.583002, 0.519773, 0.480799, 0.476809, 0.497477, 0.514688, 0.527854, 0.533273, 0.546246, 0.558859, 0.566347, 0.550313, 0.551234, 0.547501, 0.550616, 0.558001, 0.578458, 0.575586, 0.578824, 0.600533, 0.602293, 0.610351, 0.610752, 0.589497, 0.626917, 0.67807, 0.638983, 0.635376, 0.648503, 0.656433, 0.664617, 0.611071, 0.608052, 0.702723, 0.702396, 0.68752, 0.514294, 0.605637, null, null, null, null, null, null, null, null, null, null, null, null, null, null, null, null, null, null, null, null, null, null, null, null, null], "Romance": [0.208322, 0.252082, 0.284761, 0.310969, 0.321966, 0.291797, 0.271564, 0.272432, 0.262502, 0.268225, 0.275905, 0.266023, 0.247226, 0.238637, 0.209088, 0.215347, 0.197836, 0.187298, 0.192595, 0.202106, 0.207037, 0.218634, 0.207895, 0.216657, 0.217467, 0.22982, 0.243035, 0.255705, 0.248904, 0.244945, 0.240904, 0.242406, 0.245116, 0.237292, 0.229493, 0.239755, 0.245264, 0.247067, 0.246287, 0.234441, 0.233885, 0.239394, 0.239895, 0.253809, 0.292185, 0.317187, 0.332309, 0.349777, 0.3504, 0.352467, 0.350298, 0.329523, 0.313236, 0.306681, 0.290557, 0.302961, 0.323772, 0.331759, 0.318478, 0.315482, 0.31372, 0.318917, 0.315724, 0.303426, 0.295943, 0.258127, 0.26427, 0.268835, 0.268499, 0.267251, 0.261778, 0.273351, 0.290343, 0.29462, 0.292545, 0.297468, 0.296124, 0.293949, 0.289589, 0.283271, 0.282151, 0.290104, 0.301215, 0.301279, 0.325827, 0.315191, 0.318465, 0.337996, 0.356375, 0.353636, 0.365364, 0.375299, 0.381132, 0.397431, 0.386611, 0.331723, 0.368133, 0.37829, 0.379871, 0.394201, 0.390508, 0.407959, 0.410618, 0.363716, 0.340057, 0.328138, 0.321745, 0.373639, 0.361149, 0.36231, 0.356223, 0.363512, 0.375419, 0.382788, 0.369127, 0.398875, 0.455797, 0.45791, 0.513358, 0.510006, 0.498612, 0.490957, 0.450407, 0.393383, 0.411707, 0.367245, 0.40192, 0.410942, 0.421456, 0.430991, 0.437555, 0.441221, 0.487319, 0.466332, 0.482124, 0.478706, 0.480928, 0.489041, 0.486824, 0.472434, 0.46543, 0.456723, 0.515615, 0.49086, 0.501621, 0.516653, 0.55366, 0.582956, 0.621702, 0.659624], "Adventure": [0.10037, 0.119013, 0.138561, 0.159205, 0.17437, 0.173807, 0.195341, 0.203353, 0.206025, 0.211138, 0.214861, 0.201082, 0.202236, 0.185803, 0.181819, 0.186631, 0.188903, 0.19062, 0.198714, 0.216392, 0.234981, 0.251219, 0.270001, 0.284303, 0.291589, 0.299351, 0.303026, 0.302801, 0.287814, 0.272893, 0.265305, 0.262496, 0.267554, 0.281691, 0.281368, 0.285739, 0.301245, 0.302865, 0.307478, 0.307938, 0.291731, 0.282931, 0.287258, 0.286335, 0.288993, 0.3139, 0.32649, 0.332855, 0.352153, 0.352287, 0.347865, 0.357164, 0.336805, 0.338394, 0.33518, 0.32713, 0.323278, 0.317451, 0.299752, 0.295556, 0.275727, 0.272057, 0.280031, 0.286793, 0.295922, 0.327135, 0.362495, 0.376963, 0.397186, 0.381001, 0.375486, 0.368366, 0.410028, 0.446429, 0.486134, 0.523372, 0.53159, 0.544041, 0.559296, 0.552138, 0.528467, 0.504567, 0.518321, 0.550382, 0.560396, 0.579157, 0.550316, 0.549757, 0.534584, 0.497807, 0.475076, 0.474502, 0.460933, 0.459464, 0.425563, 0.425503, 0.448373, 0.449879, 0.481391, 0.48455, 0.505299, 0.556185, 0.602617, 0.609401, 0.610398, 0.575151, 0.579805, 0.579753, 0.539882, 0.488473, 0.464194, 0.477248, 0.492441, 0.470763, 0.444806, 0.473446, 0.495328, 0.514061, 0.485509, 0.489262, 0.526457, 0.539406, 0.46708, 0.405935, 0.409379, 0.287716, 0.33198, 0.36538, 0.364793, 0.374047, 0.38254, 0.408026, 0.431649, 0.372931, 0.360412, 0.360385, 0.426288, 0.434953, 0.438442, 0.388467, 0.388376, 0.402397, 0.45812, 0.578745, 0.566231, 0.561201, 0.622362, 0.657314, 0.650506, 0.68316],