{"years": [0, 1, 2, 3, 4, 5, 6, 7, 8, 9, 10, 11, 12, 13, 14, 15, 16, 17, 18, 19, 20, 21, 22, 23, 24, 25, 26, 27, 28, 29, 30, 31, 32, 33, 34, 35, 36, 37, 38, 39, 40, 41, 42, 43, 44, 45, 46, 47, 48, 49, 50, 51, 52, 53, 54, 55, 56, 57, 58, 59, 60, 61, 62, 63, 64, 65, 66, 67, 68, 69, 70, 71, 72, 73, 74, 75, 76, 77, 78, 79, 80, 81, 82, 83, 84, 85, 86, 87, 88, 89, 90, 91, 92, 93, 94, 95, 96, 97, 98, 99, 100, 101, 102, 103, 104, 105, 106, 107, 108, 109, 110, 111, 112, 113, 114, 115, 116, 117, 118, 119, 120, 121, 122, 123, 124, 125, 126, 127, 128, 129, 130, 131, 132, 133, 134, 135, 136, 137, 138, 139, 140, 141, 142, 143, 144, 145, 146, 147, 148, 149], "series": {"Historical Fiction": [0.291093, 0.325971, 0.353269, 0.371274, 0.363577, 0.337897, 0.318855, 0.278616, 0.272393, 0.273693, 0.281028, 0.279834, 0.268797, 0.266812, 0.261949, 0.267962, 0.271206, 0.270381, 0.281543, 0.295593, 0.30115, 0.305078, 0.30588, 0.311905, 0.312576, 0.315235, 0.317947, 0.324802, 0.330057, 0.336945, 0.333026, 0.33691, 0.338701, 0.343855, 0.350025, 0.356658, 0.356773, 0.371089, 0.369329, 0.368631, 0.367866, 0.368617, 0.370619, 0.363265, 0.365078, 0.375344, 0.376987, 0.387414, 0.387534, 0.388203, 0.387497, 0.386812, 0.38246, 0.395965, 0.379055, 0.382712, 0.392937, 0.399821, 0.399813, 0.396917, 0.39137, 0.397694, 0.39854, 0.400822, 0.40544, 0.401612, 0.40552, 0.409994, 0.416871, 0.407957, 0.39789, 0.398337, 0.409858, 0.430076, 0.437086, 0.436185, 0.437279, 0.442426, 0.438574, 0.43651, 0.416045, 0.411854, 0.40193, 0.412048, 0.438894, 0.44642, 0.450102, 0.472116, 0.481445, 0.475592, 0.468043, 0.451688, 0.444987, 0.439676, 0.415664, 0.388611, 0.421867, 0.43954, 0.456219, 0.466997, 0.479067, 0.49806, 0.518281, 0.496389, 0.475192, 0.458697, 0.454208, 0.458011, 0.445465, 0.420688, 0.412733, 0.414768, 0.418777, 0.421423, 0.400148, 0.427718, 0.466295, 0.480273, 0.500195, 0.497919, 0.492004, 0.472349, 0.437045, 0.395214, 0.3994, 0.383861, 0.400714, 0.41386, 0.423621, 0.423291, 0.426006, 0.430258, 0.450479, 0.440077, 0.439801, 0.43875, 0.460935, 0.466214, 0.464369, 0.45606, 0.449737, 0.442044, 0.464506, 0.464513, 0.469603, 0.47279, 0.495251, 0.516956, 0.541948, 0.553127], "Literary Fiction": [0.390985, 0.429458, 0.4676, 0.490104, 0.495818, 0.464535, 0.455032, 0.376801, 0.357693, 0.340924, 0.339135, 0.319858, 0.324026, 0.332339, 0.341545, 0.351964, 0.360059, 0.364411, 0.380956, 0.387355, 0.387889, 0.38814, 0.385754, 0.394648, 0.405955, 0.406094, 0.417087, 0.428645, 0.433376, 0.440246, 0.437353, 0.431461, 0.432956, 0.480031, 0.499901, 0.513167, 0.524353, 0.552199, 0.564817, 0.569224, 0.541816, 0.527756, 0.552135, 0.531052, 0.557903, 0.574955, 0.5754, 0.571849, 0.579109, 0.578778, 0.576479, 0.555406, 0.548492, 0.571776, 0.560386, 0.555383, 0.5587, 0.558589, 0.554113, 0.544758, 0.550544, 0.544789, 0.550383, 0.545591, 0.533929, 0.516604, 0.520318, 0.517873, 0.579256, 0.575823, 0.566104, 0.578413, 0.573708, 0.56315, 0.557169, 0.547124, 0.552738, 0.555999, 0.499894, 0.492678, 0.561833, 0.505505, 0.513563, 0.506666, 0.506251, 0.526135, 0.608646, 0.564621, 0.582364, 0.573589, 0.541708, 0.556717, 0.539748, 0.507559, 0.519423, 0.470574, 0.540341, 0.547456, 0.420818, 0.402612, 0.453694, 0.470237, 0.445854, 0.439028, 0.466867, 0.455312, 0.505307, null, null, null, null, null, null, null, null, null, null, null, null, null, null, null, null, null, null, null, null, null, null, null, null, null, null, null, null, null, null, null, null, null, null, null, null, null, null, null, null, null, null, null], "Romance": [0.226199, 0.264008, 0.293779, 0.316872, 0.327434, 0.300271, 0.282957, 0.282926, 0.273969, 0.277808, 0.28279, 0.275736, 0.25734, 0.250347, 0.224031, 0.230996, 0.215079, 0.208748, 0.209567, 0.218842, 0.222507, 0.233381, 0.223184, 0.232469, 0.231402, 0.242589, 0.253821, 0.264818, 0.259402, 0.257181, 0.253099, 0.253935, 0.255495, 0.249359, 0.242897, 0.251417, 0.256171, 0.258651, 0.259131, 0.250251, 0.250779, 0.256835, 0.259037, 0.272548, 0.305953, 0.328464, 0.343833, 0.359964, 0.361278, 0.363687, 0.363063, 0.34722, 0.335597, 0.331251, 0.319084, 0.331794, 0.351407, 0.359483, 0.350498, 0.348796, 0.348114, 0.353975, 0.352192, 0.343042, 0.33757, 0.308061, 0.312899, 0.315974, 0.317922, 0.317559, 0.312762, 0.321466, 0.335817, 0.34243, 0.343846, 0.347304, 0.346679, 0.346313, 0.345255, 0.341737, 0.340433, 0.346095, 0.321794, 0.323788, 0.347072, 0.338385, 0.342205, 0.359908, 0.376384, 0.374145, 0.382685, 0.392675, 0.396047, 0.408321, 0.398033, 0.349727, 0.381203, 0.39008, 0.390973, 0.403165, 0.400472, 0.414218, 0.41602, 0.374471, 0.353111, 0.341888, 0.336243, 0.381665, 0.371868, 0.373482, 0.367212, 0.374131, 0.384559, 0.390951, 0.378851, 0.40282, 0.45029, 0.452238, 0.497012, 0.493964, 0.483965, 0.476616, 0.442679, 0.394011, 0.409585, 0.372047, 0.400847, 0.4068, 0.415138, 0.421473, 0.42649, 0.428396, 0.466752, 0.446912, 0.461594, 0.457803, 0.461819, 0.470186, 0.468895, 0.455113, 0.450203, 0.44203, 0.489828, 0.464833, 0.471314, 0.483323, 0.513041, 0.536238, 0.566487, 0.588679], "Fantasy": [0.23511, 0.256228, 0.27293, 0.295741, 0.283304, 0.27493, 0.26887, 0.204068, 0.201011, 0.20203, 0.205272, 0.202852, 0.199575, 0.212698, 0.221351, 0.233713, 0.234872, 0.232842, 0.246555, 0.279312, 0.289478, 0.294135, 0.305989, 0.335973, 0.342212, 0.339706, 0.316886, 0.309231, 0.346303, 0.356254, 0.351491, 0.354071, 0.36328, 0.365324, 0.38341, 0.350155, 0.346235, 0.348509, 0.352874, 0.352464, 0.353875, 0.341407, 0.335877, 0.329264, 0.332143, 0.357825, 0.378099, 0.395087, 0.404716, 0.416643, 0.435909, 0.454062, 0.438881, 0.456132, 0.454897, 0.456877, 0.453772, 0.437826, 0.399827, 0.400606, 0.399792, 0.406265, 0.414915, 0.425973, 0.436287, 0.461832, 0.496982, 0.482977, 0.482906, 0.481472, 0.491136, 0.492357, 0.516599, 0.496354, 0.514186, 0.491849, 0.494538, 0.498229, 0.517609, 0.522027, 0.56524, 0.569807, 0.599365, 0.622864, 0.63147, 0.638458, 0.619357, 0.583002, 0.519773, 0.480799, 0.476809, 0.497477, 0.514688, 0.527854, 0.533273, 0.546246, 0.558859, 0.566347, 0.550313, 0.551234, 0.547501, 0.550616, 0.558001, 0.578458, 0.575586, 0.578824, 0.600533, 0.602293, 0.610351, 0.610752, 0.589497, 0.626917, 0.67807, 0.638983, 0.635376, 0.648503, 0.656433, 0.664617, 0.611071, 0.608052, 0.702723, 0.702396, 0.68752, 0.514294, 0.605637, null, null, null, null, null, null, null, null, null, null, null, null, null, null, null, null, null, null, null, null, null, null, null, null, null], "Adventure": [0.10037, 0.119013, 0.138561, 0.159205, 0.17437, 0.173807, 0.195341, 0.203353, 0.206025, 0.211138, 0.214861, 0.201082, 0.202236, 0.185803, 0.181819, 0.186631, 0.188903, 0.19062, 0.198714, 0.216392, 0.234981, 0.251219, 0.270001, 0.284303, 0.291589, 0.299351, 0.303026, 0.302801, 0.287814, 0.272893, 0.265305, 0.262496, 0.267554, 0.281691, 0.281368, 0.285739, 0.301245, 0.302865, 0.307478, 0.307938, 0.291731, 0.282931, 0.287258, 0.286335, 0.288993, 0.3139, 0.32649, 0.332855, 0.352153, 0.352287, 0.347865, 0.357164, 0.336805, 0.338394, 0.33518, 0.32713, 0.323278, 0.317451, 0.299752, 0.295556, 0.275727, 0.272057, 0.280031, 0.286793, 0.295922, 0.327135, 0.362495, 0.376963, 0.397186, 0.381001, 0.375486, 0.368366, 0.410028, 0.446429, 0.486134, 0.523372, 0.53159, 0.544041, 0.559296, 0.552138, 0.528467, 0.504567, 0.518321, 0.550382, 0.560396, 0.579157, 0.550316, 0.549757, 0.534584, 0.497807, 0.475076, 0.474502, 0.460933, 0.459464, 0.425563, 0.425503, 0.448373, 0.449879, 0.481391, 0.48455, 0.505299, 0.556185, 0.602617, 0.609401, 0.610398, 0.575151, 0.579805, 0.579753, 0.539882, 0.488473, 0.464194, 0.477248, 0.492441, 0.470763, 0.444806, 0.473446, 0.495328, 0.514061, 0.485509, 0.489262, 0.526457, 0.539406, 0.46708, 0.405935, 0.409379, 0.287716, 0.33198, 0.36538, 0.364793, 0.374047, 0.38254, 0.408026, 0.431649, 0.372931, 0.360412, 0.360385, 0.426288, 0.434953, 0.438442, 0.388467, 0.388376, 0.402397, 0.45812, 0.578745, 0.566231, 0.561201, 0.622362, 0.657314, 0.650506, 0.68316],