{"years": [1900, 1901, 1902, 1903, 1904, 1905, 1906, 1907, 1908, 1909, 1910, 1911, 1912, 1913, 1914, 1915, 1916, 1917, 1918, 1919, 1920, 1921, 1922, 1923, 1924, 1925, 1926, 1927, 1928, 1929, 1930, 1931, 1932, 1933, 1934, 1935, 1936, 1937, 1938, 1939, 1940, 1941, 1942, 1943, 1944, 1945, 1946, 1947, 1948, 1949, 1950, 1951, 1952, 1953, 1954, 1955, 1956, 1957, 1958, 1959, 1960, 1961, 1962, 1963, 1964, 1965, 1966, 1967, 1968, 1969, 1970, 1971, 1972, 1973, 1974, 1975, 1976, 1977, 1978, 1979, 1980, 1981, 1982, 1983, 1984, 1985, 1986, 1987, 1988, 1989, 1990, 1991, 1992, 1993, 1994, 1995, 1996, 1997, 1998, 1999, 2000, 2001, 2002, 2003, 2004, 2005, 2006, 2007, 2008, 2009, 2010, 2011, 2012, 2013, 2014, 2015, 2016, 2017, 2018, 2019], "series": {"Historical Fiction": [0.294333, 0.294845, 0.294578, 0.295861, 0.295932, 0.295586, 0.295957, 0.293203, 0.290332, 0.28687, 0.281721, 0.275925, 0.268918, 0.261315, 0.255134, 0.247981, 0.243196, 0.240661, 0.24098, 0.248, 0.256583, 0.266988, 0.282391, 0.298146, 0.31766, 0.339434, 0.35579, 0.373811, 0.393317, 0.410082, 0.426366, 0.431171, 0.432203, 0.438307, 0.449978, 0.463164, 0.47753, 0.507315, 0.543702, 0.582391, 0.61613, 0.645315, 0.676629, 0.710295, 0.727436, 0.740489, 0.750002, 0.757015, 0.755822, 0.748184, 0.733112, 0.716161, 0.718566, 0.726749, 0.749409, 0.781513, 0.815202, 0.860605, 0.904865, 0.930894, 0.951864, 0.952364, 0.954816, 0.95633, 0.963145, 0.976458, 1.000131, 1.030748, 1.083534, 1.132352, 1.175665, 1.203892, 1.2398, 1.266936, 1.291861, 1.303112, 1.314475, 1.339111, 1.353454, 1.37574, 1.398697, 1.418388, 1.453286, 1.503166, 1.556247, 1.624606, 1.655395, 1.695701, 1.741826, 1.766246, 1.767845, 1.759984, 1.751409, 1.768664, 1.782301, 1.787982, 1.808614, 1.832308, 1.85445, 1.871398, 1.881935, 1.87929, 1.87657, 1.85752, 1.828354, 1.793714, 1.753319, 1.701357, 1.657077, 1.611816, 1.570915, 1.58232, 1.595234, 1.61469, 1.652949, 1.692431, 1.745637, 1.788818, 1.793264, 1.806195], "Literary Fiction": [0.017556, 0.016902, 0.015865, 0.014985, 0.01394, 0.012533, 0.011429, 0.010669, 0.011183, 0.012553, 0.014563, 0.017058, 0.019838, 0.022176, 0.024186, 0.025247, 0.026114, 0.026792, 0.028058, 0.036951, 0.046177, 0.055585, 0.069205, 0.082585, 0.097448, 0.111452, 0.116944, 0.123948, 0.1307, 0.134354, 0.13917, 0.142175, 0.143848, 0.146669, 0.14834, 0.152503, 0.158627, 0.182084, 0.210994, 0.254074, 0.300336, 0.349351, 0.400629, 0.448025, 0.469631, 0.482366, 0.476948, 0.463721, 0.446602, 0.442012, 0.444278, 0.459344, 0.513783, 0.592038, 0.704833, 0.834396, 0.949525, 1.058387, 1.162238, 1.221843, 1.249253, 1.21757, 1.159292, 1.093381, 1.094728, 1.100417, 1.117017, 1.149835, 1.216997, 1.293581, 1.371717, 1.320419, 1.262796, 1.203543, 1.144729, 1.12962, 1.131791, 1.181962, 1.301412, 1.423252, 1.531506, 1.636638, 1.701895, 1.75051, 1.756011, 1.756663, 1.74826, 1.762503, 1.780818, 1.793115, 1.814319, 1.827282, 1.836442, 1.858129, 1.868357, 1.880744, 1.890279, 1.874475, 1.87116, 1.869956, 1.862706, 1.864612, 1.858337, 1.854328, 1.87341, 1.889121, 1.916015, 1.94326, 1.967967, 1.997279, 2.033713, 2.154615, 2.267648, 2.370558, 2.499694, 2.637148, 2.805542, 2.915192, 2.94149, 2.990283], "Fantasy": [0.127701, 0.126255, 0.125971, 0.12473, 0.118907, 0.118367, 0.122723, 0.127449, 0.136061, 0.144334, 0.154255, 0.162191, 0.166363, 0.167762, 0.168684, 0.162719, 0.174821, 0.187181, 0.208, 0.233843, 0.266228, 0.30074, 0.337135, 0.338286, 0.341984, 0.342647, 0.340241, 0.330625, 0.321533, 0.314717, 0.325118, 0.331696, 0.333012, 0.335277, 0.340804, 0.342526, 0.339011, 0.339101, 0.343274, 0.363932, 0.385861, 0.410483, 0.445, 0.4888, 0.527811, 0.559075, 0.558301, 0.555368, 0.547395, 0.534037, 0.511591, 0.492232, 0.480343, 0.48985, 0.502286, 0.522932, 0.540435, 0.560754, 0.578304, 0.595695, 0.61044, 0.623232, 0.632763, 0.658376, 0.745064, 0.837558, 0.940287, 1.047978, 1.168185, 1.302581, 1.409654, 1.421413, 1.445518, 1.466365, 1.491674, 1.501821, 1.486749, 1.506346, 1.559121, 1.611006, 1.636282, 1.638934, 1.650493, 1.683669, 1.684985, 1.678627, 1.634179, 1.633485, 1.656551, 1.68215, 1.689062, 1.704775, 1.731277, 1.800882, 1.834853, 1.858566, 1.883684, 1.93701, 2.011024, 2.086607, 2.139954, 2.202915, 2.26106, 2.303314, 2.296422, 2.258896, 2.206602, 2.140949, 2.08687, 2.035507, 1.985188, 1.96452, 1.94898, 1.949463, 1.96722, 1.955176, 1.941592, 1.941237, 1.935771, 1.936281], "Romance": [0.32243, 0.319151, 0.315677, 0.310129, 0.301458, 0.293298, 0.285386, 0.273564, 0.264512, 0.254778, 0.246682, 0.236789, 0.225732, 0.214582, 0.205313, 0.192673, 0.18306, 0.17606, 0.173714, 0.179306, 0.186453, 0.195865, 0.217922, 0.242037, 0.271814, 0.30313, 0.335382, 0.376929, 0.42427, 0.46176, 0.496791, 0.522981, 0.544775, 0.571867, 0.589523, 0.611862, 0.638578, 0.668887, 0.696716, 0.724715, 0.74056, 0.755196, 0.760601, 0.766728, 0.777645, 0.78931, 0.802194, 0.816898, 0.832308, 0.832093, 0.821943, 0.802139, 0.815335, 0.840313, 0.902066, 0.982044, 1.089892, 1.217588, 1.344453, 1.435241, 1.510253, 1.510252, 1.493278, 1.457507, 1.396836, 1.331611, 1.270277, 1.216242, 1.21045, 1.190441, 1.164307, 1.180055, 1.22154, 1.274373, 1.330019, 1.372801, 1.443622, 1.532408, 1.563347, 1.580578, 1.57841, 1.56214, 1.559162, 1.539797, 1.52037, 1.525351, 1.501625, 1.498511, 1.514511, 1.507343, 1.507582, 1.501992, 1.498556, 1.522023, 1.559542, 1.576735, 1.622678, 1.665814, 1.700586, 1.740184, 1.781043, 1.776175, 1.780642, 1.748722, 1.691373, 1.63652, 1.567312, 1.48615, 1.42885, 1.369872, 1.32815, 1.311075, 1.303138, 1.302954, 1.310346, 1.308988, 1.30793, 1.312315, 1.314896, 1.309571], "Adventure": [0.361637, 0.362951, 0.362198, 0.359887, 0.355312, 0.350724, 0.347217, 0.342084, 0.331908, 0.323783, 0.318381, 0.313747, 0.309221, 0.308217, 0.311107, 0.319471, 0.330744, 0.347389, 0.367382, 0.391309, 0.416668, 0.440699, 0.464935, 0.483693, 0.497599, 0.510653, 0.519609, 0.520817, 0.524119, 0.523201, 0.524971, 0.521125, 0.511842, 0.503291, 0.498731, 0.489213, 0.480629, 0.474643, 0.471483, 0.471836, 0.474042, 0.483941, 0.507299, 0.538233, 0.565857, 0.595201, 0.625522, 0.65507, 0.676046, 0.696917, 0.704975, 0.715915, 0.742688, 0.797922, 0.875482, 0.958579, 1.032077, 1.129188, 1.226272, 1.313927, 1.349441, 1.339327, 1.330748, 1.329173, 1.29799, 1.259994, 1.215089, 1.196631, 1.209584, 1.22289, 1.214995, 1.237422, 1.28397, 1.338734, 1.400309, 1.45593, 1.493767, 1.561678, 1.600292, 1.649026, 1.675508, 1.678789, 1.693466, 1.751648, 1.791122, 1.84351, 1.825317, 1.828444, 1.848346, 1.83592, 1.767262, 1.691232, 1.608723, 1.565565, 1.518858, 1.46924, 1.443109, 1.460352, 1.493266, 1.533443, 1.586517, 1.629967, 1.67071, 1.700711, 1.681754, 1.649161, 1.607467, 1.536421, 1.481086, 1.417762, 1.350883, 1.309265, 1.263768, 1.220933, 1.19871, 1.147852, 1.104153, 1.08406, 1.061818, 1.047021], "Childrens": [0.408682, 0.426505, 0.439359, 0.448922, 0.467387, 0.484349, 0.497502, 0.504494, 0.513755, 0.526257, 0.539007, 0.550613, 0.558088, 0.566556, 0.579205, 0.582377, 0.585105, 0.594103, 0.60527, 0.623809, 0.646838, 0.666237, 0.686596, 0.699692, 0.711352, 0.728773, 0.743936, 0.749239, 0.766594, 0.785718, 0.808472, 0.818971, 0.815782, 0.807164, 0.801314, 0.777276, 0.743598, 0.711469, 0.684061, 0.663499, 0.649263, 0.645635, 0.660752, 0.705413, 0.751339, 0.800649, 0.851565, 0.902048, 0.94196, 0.967323, 0.950701, 0.930343, 0.909827, 0.889235, 0.866179, 0.845896, 0.83104, 0.829943, 0.823216, 0.822553, 0.819207, 0.819239, 0.834158, 0.87971, 0.944544, 1.021953, 1.081804, 1.138768, 1.194699, 1.234882, 1.204154, 1.156644, 1.109373, 1.072641, 1.04918, 1.034858, 1.012649, 1.070379, 1.136044, 1.241337, 1.349211, 1.447337, 1.540463, 1.654036, 1.70687, 1.751718, 1.709981, 1.681861, 1.665724, 1.643351, 1.604972, 1.579274, 1.55592, 1.572046, 1.565735, 1.539485, 1.505304, 1.466453, 1.435272, 1.40151, 1.380924, 1.362265, 1.346531, 1.342177, 1.345957, 1.351374, 1.357588, 1.336387, 1.34218, 1.350022, 1.344143, 1.329399, 1.3056, 1.282333, 1.276209, 1.218418, 1.159751, 1.134653, 1.112659, 1.091597],