{"years": [1900, 1901, 1902, 1903, 1904, 1905, 1906, 1907, 1908, 1909, 1910, 1911, 1912, 1913, 1914, 1915, 1916, 1917, 1918, 1919, 1920, 1921, 1922, 1923, 1924, 1925, 1926, 1927, 1928, 1929, 1930, 1931, 1932, 1933, 1934, 1935, 1936, 1937, 1938, 1939, 1940, 1941, 1942, 1943, 1944, 1945, 1946, 1947, 1948, 1949, 1950, 1951, 1952, 1953, 1954, 1955, 1956, 1957, 1958, 1959, 1960, 1961, 1962, 1963, 1964, 1965, 1966, 1967, 1968, 1969, 1970, 1971, 1972, 1973, 1974, 1975, 1976, 1977, 1978, 1979, 1980, 1981, 1982, 1983, 1984, 1985, 1986, 1987, 1988, 1989, 1990, 1991, 1992, 1993, 1994, 1995, 1996, 1997, 1998, 1999, 2000, 2001, 2002, 2003, 2004, 2005, 2006, 2007, 2008, 2009, 2010, 2011, 2012, 2013, 2014, 2015, 2016, 2017, 2018, 2019], "series": {"Historical Fiction": [0.352331, 0.352123, 0.351284, 0.351844, 0.349675, 0.347239, 0.345978, 0.34154, 0.3374, 0.332996, 0.327245, 0.321961, 0.315273, 0.307676, 0.301876, 0.294506, 0.288929, 0.285347, 0.284497, 0.290036, 0.297399, 0.306442, 0.320641, 0.335497, 0.353649, 0.373813, 0.393855, 0.415196, 0.437919, 0.458546, 0.47845, 0.487964, 0.493853, 0.499231, 0.509503, 0.522808, 0.535582, 0.561853, 0.59383, 0.627507, 0.656838, 0.681953, 0.707209, 0.735653, 0.749759, 0.760398, 0.768809, 0.774889, 0.773626, 0.766111, 0.751645, 0.735389, 0.736788, 0.742366, 0.761192, 0.788754, 0.818128, 0.858283, 0.897297, 0.919964, 0.939921, 0.941414, 0.944849, 0.947429, 0.95496, 0.96881, 0.991791, 1.018565, 1.065403, 1.108446, 1.146474, 1.170495, 1.201052, 1.223941, 1.246239, 1.256467, 1.267061, 1.289849, 1.303756, 1.325301, 1.347464, 1.366807, 1.399657, 1.446014, 1.495414, 1.558855, 1.588479, 1.626922, 1.670624, 1.69509, 1.699288, 1.695051, 1.690085, 1.708326, 1.72323, 1.731007, 1.752001, 1.775416, 1.797167, 1.813953, 1.824755, 1.823476, 1.822046, 1.806418, 1.781909, 1.752746, 1.718343, 1.67357, 1.636332, 1.598549, 1.564278, 1.577057, 1.59092, 1.611161, 1.648579, 1.686283, 1.735522, 1.775327, 1.780164, 1.792776], "Literary Fiction": [0.017556, 0.016902, 0.015865, 0.014985, 0.01394, 0.012533, 0.011429, 0.010669, 0.011183, 0.012553, 0.014563, 0.017058, 0.019838, 0.022176, 0.024186, 0.025247, 0.026114, 0.026792, 0.028058, 0.036951, 0.046177, 0.055585, 0.069205, 0.082585, 0.097448, 0.111452, 0.116944, 0.123948, 0.1307, 0.134354, 0.13917, 0.142175, 0.143848, 0.146669, 0.14834, 0.152503, 0.158627, 0.182084, 0.210994, 0.254074, 0.300336, 0.349351, 0.400629, 0.448025, 0.469631, 0.482366, 0.476948, 0.463721, 0.446602, 0.442012, 0.444278, 0.459344, 0.513783, 0.592038, 0.704833, 0.834396, 0.949525, 1.058387, 1.162238, 1.221843, 1.249253, 1.21757, 1.159292, 1.093381, 1.094728, 1.100417, 1.117017, 1.149835, 1.216997, 1.293581, 1.371717, 1.320419, 1.262796, 1.203543, 1.144729, 1.12962, 1.131791, 1.181962, 1.301412, 1.423252, 1.531506, 1.636638, 1.701895, 1.75051, 1.756011, 1.756663, 1.74826, 1.762503, 1.780818, 1.793115, 1.814319, 1.827282, 1.836442, 1.858129, 1.868357, 1.880744, 1.890279, 1.874475, 1.87116, 1.869956, 1.862706, 1.864612, 1.858337, 1.854328, 1.87341, 1.889121, 1.916015, 1.94326, 1.967967, 1.997279, 2.033713, 2.154615, 2.267648, 2.370558, 2.499694, 2.637148, 2.805542, 2.915192, 2.94149, 2.990283], "Romance": [0.44375, 0.439255, 0.434654, 0.428726, 0.415714, 0.402887, 0.3913, 0.375867, 0.363999, 0.352628, 0.343083, 0.33572, 0.32799, 0.320065, 0.315044, 0.305585, 0.297572, 0.29101, 0.287629, 0.290414, 0.294803, 0.300974, 0.318611, 0.338666, 0.363559, 0.390096, 0.417661, 0.452495, 0.491302, 0.521878, 0.549374, 0.569409, 0.585108, 0.604305, 0.615423, 0.637346, 0.661977, 0.689914, 0.715702, 0.741388, 0.757813, 0.773209, 0.774343, 0.776611, 0.78318, 0.790585, 0.80122, 0.812937, 0.82549, 0.825169, 0.817333, 0.801682, 0.813257, 0.83145, 0.879917, 0.943613, 1.030385, 1.132854, 1.234137, 1.30611, 1.370233, 1.373555, 1.363147, 1.33737, 1.291293, 1.242181, 1.196007, 1.149024, 1.141462, 1.122325, 1.098161, 1.108368, 1.139592, 1.180663, 1.227822, 1.264756, 1.324711, 1.399775, 1.428334, 1.446246, 1.448205, 1.438952, 1.440517, 1.428887, 1.417521, 1.426467, 1.412415, 1.41581, 1.434835, 1.435541, 1.44283, 1.445454, 1.449367, 1.474563, 1.510573, 1.529791, 1.571659, 1.610381, 1.641506, 1.675799, 1.710773, 1.708314, 1.713444, 1.690434, 1.64738, 1.607111, 1.555361, 1.494051, 1.453907, 1.413622, 1.38609, 1.378763, 1.378998, 1.386946, 1.402005, 1.40787, 1.411534, 1.418463, 1.423839, 1.422678], "Fantasy": [0.127701, 0.126255, 0.125971, 0.12473, 0.118907, 0.118367, 0.122723, 0.127449, 0.136061, 0.144334, 0.154255, 0.162191, 0.166363, 0.167762, 0.168684, 0.162719, 0.174821, 0.187181, 0.208, 0.233843, 0.266228, 0.30074, 0.337135, 0.338286, 0.341984, 0.342647, 0.340241, 0.330625, 0.321533, 0.314717, 0.325118, 0.331696, 0.333012, 0.335277, 0.340804, 0.342526, 0.339011, 0.339101, 0.343274, 0.363932, 0.385861, 0.410483, 0.445, 0.4888, 0.527811, 0.559075, 0.558301, 0.555368, 0.547395, 0.534037, 0.511591, 0.492232, 0.480343, 0.48985, 0.502286, 0.522932, 0.540435, 0.560754, 0.578304, 0.595695, 0.61044, 0.623232, 0.632763, 0.658376, 0.745064, 0.837558, 0.940287, 1.047978, 1.168185, 1.302581, 1.409654, 1.421413, 1.445518, 1.466365, 1.491674, 1.501821, 1.486749, 1.506346, 1.559121, 1.611006, 1.636282, 1.638934, 1.650493, 1.683669, 1.684985, 1.678627, 1.634179, 1.633485, 1.656551, 1.68215, 1.689062, 1.704775, 1.731277, 1.800882, 1.834853, 1.858566, 1.883684, 1.93701, 2.011024, 2.086607, 2.139954, 2.202915, 2.26106, 2.303314, 2.296422, 2.258896, 2.206602, 2.140949, 2.08687, 2.035507, 1.985188, 1.96452, 1.94898, 1.949463, 1.96722, 1.955176, 1.941592, 1.941237, 1.935771, 1.936281], "Adventure": [0.361637, 0.362951, 0.362198, 0.359887, 0.355312, 0.350724, 0.347217, 0.342084, 0.331908, 0.323783, 0.318381, 0.313747, 0.309221, 0.308217, 0.311107, 0.319471, 0.330744, 0.347389, 0.367382, 0.391309, 0.416668, 0.440699, 0.464935, 0.483693, 0.497599, 0.510653, 0.519609, 0.520817, 0.524119, 0.523201, 0.524971, 0.521125, 0.511842, 0.503291, 0.498731, 0.489213, 0.480629, 0.474643, 0.471483, 0.471836, 0.474042, 0.483941, 0.507299, 0.538233, 0.565857, 0.595201, 0.625522, 0.65507, 0.676046, 0.696917, 0.704975, 0.715915, 0.742688, 0.797922, 0.875482, 0.958579, 1.032077, 1.129188, 1.226272, 1.313927, 1.349441, 1.339327, 1.330748, 1.329173, 1.29799, 1.259994, 1.215089, 1.196631, 1.209584, 1.22289, 1.214995, 1.237422, 1.28397, 1.338734, 1.400309, 1.45593, 1.493767, 1.561678, 1.600292, 1.649026, 1.675508, 1.678789, 1.693466, 1.751648, 1.791122, 1.84351, 1.825317, 1.828444, 1.848346, 1.83592, 1.767262, 1.691232, 1.608723, 1.565565, 1.518858, 1.46924, 1.443109, 1.460352, 1.493266, 1.533443, 1.586517, 1.629967, 1.67071, 1.700711, 1.681754, 1.649161, 1.607467, 1.536421, 1.481086, 1.417762, 1.350883, 1.309265, 1.263768, 1.220933, 1.19871, 1.147852, 1.104153, 1.08406, 1.061818, 1.047021], "Childrens": [0.408682, 0.426505, 0.439359, 0.448922, 0.467387, 0.484349, 0.497502, 0.504494, 0.513755, 0.526257, 0.539007, 0.550613, 0.558088, 0.566556, 0.579205, 0.582377, 0.585105, 0.594103, 0.60527, 0.623809, 0.646838, 0.666237, 0.686596, 0.699692, 0.711352, 0.728773, 0.743936, 0.749239, 0.766594, 0.785718, 0.808472, 0.818971, 0.815782, 0.807164, 0.801314, 0.777276, 0.743598, 0.711469, 0.684061, 0.663499, 0.649263, 0.645635, 0.660752, 0.705413, 0.751339, 0.800649, 0.851565, 0.902048, 0.94196, 0.967323, 0.950701, 0.930343, 0.909827, 0.889235, 0.866179, 0.845896, 0.83104, 0.829943, 0.823216, 0.822553, 0.819207, 0.819239, 0.834158, 0.87971, 0.944544, 1.021953, 1.081804, 1.138768, 1.194699, 1.234882, 1.204154, 1.156644, 1.109373, 1.072641, 1.04918, 1.034858, 1.012649, 1.070379, 1.136044, 1.241337, 1.349211, 1.447337, 1.540463, 1.654036, 1.70687, 1.751718, 1.709981, 1.681861, 1.665724, 1.643351, 1.604972, 1.579274, 1.55592, 1.572046, 1.565735, 1.539485, 1.505304, 1.466453, 1.435272, 1.40151, 1.380924, 1.362265, 1.346531, 1.342177, 1.345957, 1.351374, 1.357588, 1.336387, 1.34218, 1.350022, 1.344143, 1.329399, 1.3056, 1.282333, 1.276209, 1.218418, 1.159751, 1.134653, 1.112659, 1.091597],