{"years": [1900, 1901, 1902, 1903, 1904, 1905, 1906, 1907, 1908, 1909, 1910, 1911, 1912, 1913, 1914, 1915, 1916, 1917, 1918, 1919, 1920, 1921, 1922, 1923, 1924, 1925, 1926, 1927, 1928, 1929, 1930, 1931, 1932, 1933, 1934, 1935, 1936, 1937, 1938, 1939, 1940, 1941, 1942, 1943, 1944, 1945, 1946, 1947, 1948, 1949, 1950, 1951, 1952, 1953, 1954, 1955, 1956, 1957, 1958, 1959, 1960, 1961, 1962, 1963, 1964, 1965, 1966, 1967, 1968, 1969, 1970, 1971, 1972, 1973, 1974, 1975, 1976, 1977, 1978, 1979, 1980, 1981, 1982, 1983, 1984, 1985, 1986, 1987, 1988, 1989, 1990, 1991, 1992, 1993, 1994, 1995, 1996, 1997, 1998, 1999, 2000, 2001, 2002, 2003, 2004, 2005, 2006, 2007, 2008, 2009, 2010, 2011, 2012, 2013, 2014, 2015, 2016, 2017, 2018, 2019], "series": {"Historical Fiction": [0.308352, 0.308919, 0.308622, 0.309814, 0.30975, 0.309169, 0.309211, 0.306143, 0.302962, 0.299296, 0.293979, 0.288217, 0.281399, 0.273948, 0.267896, 0.260842, 0.255981, 0.253219, 0.253111, 0.259319, 0.267129, 0.276729, 0.291073, 0.305833, 0.324118, 0.344563, 0.36499, 0.386774, 0.409776, 0.430146, 0.44983, 0.458732, 0.464008, 0.468777, 0.478872, 0.493052, 0.50831, 0.537972, 0.573672, 0.61126, 0.644303, 0.67282, 0.700716, 0.730902, 0.745819, 0.756935, 0.765537, 0.771682, 0.77036, 0.762956, 0.748536, 0.732419, 0.734629, 0.741178, 0.761466, 0.790701, 0.821571, 0.863384, 0.903906, 0.927345, 0.946623, 0.946746, 0.948656, 0.949642, 0.955587, 0.967847, 0.989829, 1.018425, 1.067884, 1.113806, 1.154705, 1.181774, 1.216024, 1.24219, 1.266358, 1.27775, 1.289147, 1.312935, 1.32704, 1.348736, 1.371049, 1.390344, 1.423899, 1.471577, 1.522442, 1.587868, 1.618327, 1.65788, 1.703, 1.728036, 1.732023, 1.727232, 1.721653, 1.74008, 1.755024, 1.762474, 1.783705, 1.807467, 1.829492, 1.846462, 1.857278, 1.855628, 1.85377, 1.837055, 1.811107, 1.780339, 1.744184, 1.697356, 1.658353, 1.618966, 1.58325, 1.596297, 1.610774, 1.631793, 1.670583, 1.709696, 1.760798, 1.802145, 1.807384, 1.820447], "Literary Fiction": [0.017556, 0.016902, 0.015865, 0.014985, 0.01394, 0.012533, 0.011429, 0.010669, 0.011183, 0.012553, 0.014563, 0.017058, 0.019838, 0.022176, 0.024186, 0.025247, 0.026114, 0.026792, 0.028058, 0.036951, 0.046177, 0.055585, 0.069205, 0.082585, 0.097448, 0.111452, 0.116944, 0.123948, 0.1307, 0.134354, 0.13917, 0.142175, 0.143848, 0.146669, 0.14834, 0.152503, 0.158627, 0.182084, 0.210994, 0.254074, 0.300336, 0.349351, 0.400629, 0.448025, 0.469631, 0.482366, 0.476948, 0.463721, 0.446602, 0.442012, 0.444278, 0.459344, 0.513783, 0.592038, 0.704833, 0.834396, 0.949525, 1.058387, 1.162238, 1.221843, 1.249253, 1.21757, 1.159292, 1.093381, 1.094728, 1.100417, 1.117017, 1.149835, 1.216997, 1.293581, 1.371717, 1.320419, 1.262796, 1.203543, 1.144729, 1.12962, 1.131791, 1.181962, 1.301412, 1.423252, 1.531506, 1.636638, 1.701895, 1.75051, 1.756011, 1.756663, 1.74826, 1.762503, 1.780818, 1.793115, 1.814319, 1.827282, 1.836442, 1.858129, 1.868357, 1.880744, 1.890279, 1.874475, 1.87116, 1.869956, 1.862706, 1.864612, 1.858337, 1.854328, 1.87341, 1.889121, 1.916015, 1.94326, 1.967967, 1.997279, 2.033713, 2.154615, 2.267648, 2.370558, 2.499694, 2.637148, 2.805542, 2.915192, 2.94149, 2.990283], "Romance": [0.374287, 0.371766, 0.368673, 0.363942, 0.35619, 0.34849, 0.340869, 0.329341, 0.320159, 0.310594, 0.302184, 0.292717, 0.282474, 0.271924, 0.263191, 0.251309, 0.241956, 0.23483, 0.231639, 0.235403, 0.24091, 0.248618, 0.267325, 0.288037, 0.313625, 0.340677, 0.368448, 0.403873, 0.443957, 0.475624, 0.504783, 0.526576, 0.544429, 0.566546, 0.580812, 0.607136, 0.637298, 0.670661, 0.701588, 0.732232, 0.752788, 0.771722, 0.774695, 0.77787, 0.785229, 0.793038, 0.803858, 0.815562, 0.828246, 0.827689, 0.819569, 0.803484, 0.816204, 0.835937, 0.887669, 0.955331, 1.047036, 1.154836, 1.261289, 1.336641, 1.400054, 1.39962, 1.38453, 1.353318, 1.301161, 1.245835, 1.194307, 1.149458, 1.145997, 1.130954, 1.110901, 1.126959, 1.164991, 1.212785, 1.263109, 1.302504, 1.365416, 1.443808, 1.472936, 1.490731, 1.491869, 1.480949, 1.481432, 1.468274, 1.455363, 1.46385, 1.448173, 1.450729, 1.470005, 1.470004, 1.476897, 1.478908, 1.482353, 1.508203, 1.545395, 1.564824, 1.608122, 1.648076, 1.680025, 1.71541, 1.7515, 1.748323, 1.752884, 1.727635, 1.68139, 1.638211, 1.583138, 1.518402, 1.476056, 1.434038, 1.405825, 1.398897, 1.400065, 1.408979, 1.424977, 1.431247, 1.435352, 1.442629, 1.448251, 1.446758], "Fantasy": [0.127701, 0.126255, 0.125971, 0.12473, 0.118907, 0.118367, 0.122723, 0.127449, 0.136061, 0.144334, 0.154255, 0.162191, 0.166363, 0.167762, 0.168684, 0.162719, 0.174821, 0.187181, 0.208, 0.233843, 0.266228, 0.30074, 0.337135, 0.338286, 0.341984, 0.342647, 0.340241, 0.330625, 0.321533, 0.314717, 0.325118, 0.331696, 0.333012, 0.335277, 0.340804, 0.342526, 0.339011, 0.339101, 0.343274, 0.363932, 0.385861, 0.410483, 0.445, 0.4888, 0.527811, 0.559075, 0.558301, 0.555368, 0.547395, 0.534037, 0.511591, 0.492232, 0.480343, 0.48985, 0.502286, 0.522932, 0.540435, 0.560754, 0.578304, 0.595695, 0.61044, 0.623232, 0.632763, 0.658376, 0.745064, 0.837558, 0.940287, 1.047978, 1.168185, 1.302581, 1.409654, 1.421413, 1.445518, 1.466365, 1.491674, 1.501821, 1.486749, 1.506346, 1.559121, 1.611006, 1.636282, 1.638934, 1.650493, 1.683669, 1.684985, 1.678627, 1.634179, 1.633485, 1.656551, 1.68215, 1.689062, 1.704775, 1.731277, 1.800882, 1.834853, 1.858566, 1.883684, 1.93701, 2.011024, 2.086607, 2.139954, 2.202915, 2.26106, 2.303314, 2.296422, 2.258896, 2.206602, 2.140949, 2.08687, 2.035507, 1.985188, 1.96452, 1.94898, 1.949463, 1.96722, 1.955176, 1.941592, 1.941237, 1.935771, 1.936281], "Adventure": [0.361637, 0.362951, 0.362198, 0.359887, 0.355312, 0.350724, 0.347217, 0.342084, 0.331908, 0.323783, 0.318381, 0.313747, 0.309221, 0.308217, 0.311107, 0.319471, 0.330744, 0.347389, 0.367382, 0.391309, 0.416668, 0.440699, 0.464935, 0.483693, 0.497599, 0.510653, 0.519609, 0.520817, 0.524119, 0.523201, 0.524971, 0.521125, 0.511842, 0.503291, 0.498731, 0.489213, 0.480629, 0.474643, 0.471483, 0.471836, 0.474042, 0.483941, 0.507299, 0.538233, 0.565857, 0.595201, 0.625522, 0.65507, 0.676046, 0.696917, 0.704975, 0.715915, 0.742688, 0.797922, 0.875482, 0.958579, 1.032077, 1.129188, 1.226272, 1.313927, 1.349441, 1.339327, 1.330748, 1.329173, 1.29799, 1.259994, 1.215089, 1.196631, 1.209584, 1.22289, 1.214995, 1.237422, 1.28397, 1.338734, 1.400309, 1.45593, 1.493767, 1.561678, 1.600292, 1.649026, 1.675508, 1.678789, 1.693466, 1.751648, 1.791122, 1.84351, 1.825317, 1.828444, 1.848346, 1.83592, 1.767262, 1.691232, 1.608723, 1.565565, 1.518858, 1.46924, 1.443109, 1.460352, 1.493266, 1.533443, 1.586517, 1.629967, 1.67071, 1.700711, 1.681754, 1.649161, 1.607467, 1.536421, 1.481086, 1.417762, 1.350883, 1.309265, 1.263768, 1.220933, 1.19871, 1.147852, 1.104153, 1.08406, 1.061818, 1.047021], "Childrens": [0.408682, 0.426505, 0.439359, 0.448922, 0.467387, 0.484349, 0.497502, 0.504494, 0.513755, 0.526257, 0.539007, 0.550613, 0.558088, 0.566556, 0.579205, 0.582377, 0.585105, 0.594103, 0.60527, 0.623809, 0.646838, 0.666237, 0.686596, 0.699692, 0.711352, 0.728773, 0.743936, 0.749239, 0.766594, 0.785718, 0.808472, 0.818971, 0.815782, 0.807164, 0.801314, 0.777276, 0.743598, 0.711469, 0.684061, 0.663499, 0.649263, 0.645635, 0.660752, 0.705413, 0.751339, 0.800649, 0.851565, 0.902048, 0.94196, 0.967323, 0.950701, 0.930343, 0.909827, 0.889235, 0.866179, 0.845896, 0.83104, 0.829943, 0.823216, 0.822553, 0.819207, 0.819239, 0.834158, 0.87971, 0.944544, 1.021953, 1.081804, 1.138768, 1.194699, 1.234882, 1.204154, 1.156644, 1.109373, 1.072641, 1.04918, 1.034858, 1.012649, 1.070379, 1.136044, 1.241337, 1.349211, 1.447337, 1.540463, 1.654036, 1.70687, 1.751718, 1.709981, 1.681861, 1.665724, 1.643351, 1.604972, 1.579274, 1.55592, 1.572046, 1.565735, 1.539485, 1.505304, 1.466453, 1.435272, 1.40151, 1.380924, 1.362265, 1.346531, 1.342177, 1.345957, 1.351374, 1.357588, 1.336387, 1.34218, 1.350022, 1.344143, 1.329399, 1.3056, 1.282333, 1.276209, 1.218418, 1.159751, 1.134653, 1.112659, 1.091597],