{"years": [0, 1, 2, 3, 4, 5, 6, 7, 8, 9, 10, 11, 12, 13, 14, 15, 16, 17, 18, 19, 20, 21, 22, 23, 24, 25, 26, 27, 28, 29, 30, 31, 32, 33, 34, 35, 36, 37, 38, 39, 40, 41, 42, 43, 44, 45, 46, 47, 48, 49, 50], "series": {"Jane Eyre": [0.63747, 0.701886, 0.765221, 0.858022, 0.842955, 0.782975, 0.625428, 0.846354, 0.899385, 1.0, 0.982701, 0.999299, 0.900033, 0.875603, 0.573597, 0.485881, 0.366685, 0.327065, 0.317094, 0.31675, 0.313267, 0.290339, 0.30645, 0.319525, 0.31697, 0.332892, 0.362649, 0.384294, 0.396835, 0.397767, 0.382998, 0.38387, 0.377076, 0.377917, 0.374885, 0.370298, 0.375311, 0.392352, 0.402732, 0.432995, 0.443735, 0.465505, 0.465572, 0.481973, 0.489117, 0.53603, 0.530881, 0.542302, 0.538015, 0.567066, 0.582345], "Little Women": [0.41887, 0.523384, 0.696093, 0.859743, 0.953203, 0.995613, 1.0, 0.938311, 0.921943, 0.86295, 0.791272, 0.740869, 0.673118, 0.663818, 0.638967, 0.640742, 0.595915, 0.604637, 0.614391, 0.644127, 0.632832, 0.602539, 0.619883, 0.633142, 0.593036, 0.544238, 0.503573, 0.486859, 0.472737, 0.400316, 0.370537, 0.376775, 0.370891, 0.361149, 0.352273, 0.364223, 0.368854, 0.357864, 0.345029, 0.360886, 0.363713, 0.393198, 0.419632, 0.433531, 0.434651, 0.416048, 0.384345, 0.372943, 0.34215, 0.314055, 0.294433], "Wuthering Heights": [0.682407, 0.934637, 0.988023, 1.0, 0.928679, 0.68914, 0.662782, 0.688427, 0.561482, 0.628923, 0.674512, 0.701087, 0.644252, 0.652019, 0.496453, 0.397174, 0.304865, 0.254977, 0.24413, 0.232089, 0.243485, 0.24508, 0.2861, 0.380183, 0.417862, 0.4439, 0.473295, 0.513904, 0.529107, 0.536185, 0.476488, 0.458131, 0.434135, 0.459937, 0.417383, 0.468537, 0.521811, 0.549995, 0.58415, 0.595876, 0.606728, 0.655781, 0.65782, 0.704162, 0.72459, 0.772645, 0.830659, 0.842719, 0.856306, 0.820577, 0.791294], "Frankenstein": [0.595801, 0.606873, 0.819718, 0.830607, 0.513214, 0.576884, 0.553908, 0.566357, 0.63918, 0.513321, 0.647749, 0.699032, 0.789515, 0.861938, 1.0, 0.972767, 0.97711, 0.865051, 0.805949, 0.648515, 0.588089, 0.456906, 0.417788, 0.428989, 0.418497, 0.425881, 0.478965, 0.480664, 0.512587, 0.535687, 0.504705, 0.501207, 0.514127, 0.477466, 0.494639, 0.5027, 0.523904, 0.517316, 0.532576, 0.552129, 0.576387, 0.581942, 0.547255, 0.532636, 0.538912, 0.528384, 0.527403, 0.544815, 0.545132, 0.564652, 0.564258], "Great Expectations": [0.663665, 0.744804, 0.807604, 0.895524, 1.0, 0.74503, 0.692148, 0.69038, 0.717791, 0.744269, 0.785519, 0.714566, 0.697207, 0.704825, 0.740249, 0.699011, 0.688206, 0.649296, 0.68988, 0.687949, 0.674504, 0.614886, 0.603457, 0.582382, 0.561014, 0.556321, 0.573639, 0.555647, 0.56985, 0.563428, 0.558966, 0.559709, 0.554517, 0.549515, 0.580294, 0.593789, 0.597715, 0.593438, 0.574654, 0.564757, 0.567038, 0.550467, 0.520937, 0.552202, 0.600829, 0.608147, 0.581611, 0.57105, 0.591461, 0.62282, 0.629495], "Les Miserables": [0.788217, 0.945809, 0.959113, 1.0, 0.898404, 0.703758, 0.648035, 0.566242, 0.466278, 0.502057, 0.445989, 0.40237, 0.394984, 0.418463, 0.444363, 0.455164, 0.453989, 0.446018, 0.444219, 0.501173, 0.509983, 0.544517, 0.638321, 0.699804, 0.735088, 0.75317, 0.716148, 0.691017, 0.670429, 0.584195, 0.538058, 0.548903, 0.608246, 0.61536, 0.664118, 0.671511, 0.681618, 0.694198, 0.680551, 0.636033, 0.615471, 0.581856, 0.568435, 0.56369, 0.58327, 0.583003, 0.573401, 0.582773, 0.58526, 0.590334, 0.589559], "Middlemarch": [0.739563, 0.810372, 0.899167, 0.961183, 1.0, 0.816012, 0.525219, 0.498598, 0.468526, 0.428922, 0.396755, 0.404851, 0.398237, 0.410402, 0.377992, 0.401943, 0.429924, 0.451091, 0.413928, 0.412767, 0.412739, 0.450553, 0.430027, 0.426244, 0.415794, 0.430148, 0.444663, 0.434797, 0.397139, 0.39827, 0.369127, 0.359381, 0.372678, 0.350335, 0.335605, 0.302207, 0.297853, 0.289127, 0.276063, 0.23191, 0.230104, 0.215614, 0.20654, 0.183654, 0.166024, 0.16619, 0.156391, 0.129282, 0.130724, 0.136712, 0.139785], "The Age Of Innocence": [0.0, 0.0, 0.0, 0.0, 0.0, 0.070685, 0.139365, 0.139365, 0.276588, 0.423334, 0.997233, 0.997233, 1.0, 0.931321, 0.931321, 0.794097, 0.647351, 0.207863, 0.343592, 0.487612, 0.563985, 0.721409, 0.721409, 0.721409, 0.586999, 0.507503, 0.342105, 0.519514, 0.36209, 0.36209, 0.36209, 0.36209, 0.305856, 0.347116, 0.271581, 0.45397, 0.45397, 0.45397, 0.45397, 0.45397, 0.432504, 0.254258, 0.195747, 0.275775, 0.524203, 0.558852, 0.558852, 0.804084, 0.838626, 0.785552, 0.705523], "The Jungle": [0.954769, 0.959024, 0.981717, 1.0, 0.730789, 0.588353, 0.48904, 0.460228, 0.459207, 0.441032, 0.432734, 0.436728, 0.446175, 0.463302, 0.493162, 0.507035, 0.533584, 0.549039, 0.583779, 0.588928, 0.59192, 0.602796, 0.652846, 0.668964, 0.692363, 0.694809, 0.713926, 0.730498, 0.754762, 0.731514, 0.705044, 0.697188, 0.677712, 0.67834, 0.656708, 0.627935, 0.585571, 0.598802, 0.599945, 0.594627, 0.601304, 0.616139, 0.61439, 0.662825, 0.669963, 0.677596, 0.678407, 0.672342, 0.670389, 0.6631, 0.64138], "For Whom The Bell Tolls": [0.623737, 0.776541, 0.907638, 0.944953, 1.0, 0.898728, 0.840098, 0.524745, 0.387077, 0.272947, 0.250592, 0.174782, 0.15469, 0.154014, 0.155754, 0.181389, 0.220117, 0.231762, 0.274268, 0.298547, 0.298468, 0.298757, 0.288493, 0.264109, 0.242367, 0.225733, 0.220165, 0.212656, 0.218247, 0.222198, 0.224434, 0.274245, 0.273392, 0.275044, 0.298328, 0.306184, 0.311245, 0.305369, 0.285922, 0.29802, 0.288402, 0.275517, 0.270965, 0.266726, 0.267314, 0.317083, 0.322723, 0.322141, 0.325309, 0.338632, 0.325579], "Gone With The Wind": [0.531553, 0.791003, 0.89901, 0.980261, 1.0, 0.895554, 0.891935, 0.78053, 0.627531, 0.594348, 0.559458, 0.51816, 0.469157, 0.432152, 0.407271, 0.412403, 0.398294, 0.394922, 0.401973, 0.420096, 0.430188, 0.438222, 0.436434, 0.433679, 0.45915, 0.45802, 0.427869, 0.418715, 0.414664, 0.375635, 0.387629, 0.398229, 0.495708, 0.572781, 0.605001, 0.666462, 0.698761, 0.691283, 0.668165, 0.578503, 0.55157, 0.55903, 0.517448, 0.524467, 0.557748, 0.584087, 0.654342, 0.684923, 0.684988, 0.714624, 0.700514], "Kidnapped: The Adventures Of David Balfour": [0.667663, 0.719825, 0.786569, 0.88282, 0.882937, 0.842498, 0.884477, 0.887091, 0.941082, 0.992003, 1.0, 0.908812, 0.894847, 0.857142, 0.878946, 0.849565, 0.802315, 0.769112, 0.774951, 0.712739, 0.666242, 0.609534, 0.585299, 0.581527, 0.600231, 0.606123, 0.616092, 0.630243, 0.647652, 0.640389, 0.630333, 0.604833, 0.6026, 0.645085, 0.64983, 0.67983, 0.743883, 0.789486, 0.785412, 0.797512, 0.747886, 0.741687, 0.732437, 0.668096, 0.645004, 0.661852, 0.636872, 0.638671, 0.631918, 0.702104, 0.709725], "Of Mice And Men": [0.830916, 0.894883, 0.974711, 1.0, 0.944384, 0.873749, 0.598552, 0.567222, 0.562154, 0.58985, 0.631639, 0.530019, 0.4922, 0.448263, 0.394521, 0.364727, 0.295746, 0.297781, 0.329308, 0.372653, 0.377055, 0.37829, 0.419999, 0.465545, 0.391699, 0.338524, 0.34137, 0.342214, 0.353484, 0.306029, 0.289839, 0.401435, 0.47535, 0.476396, 0.475657, 0.521309, 0.513917, 0.485686, 0.431032, 0.426819, 0.469918, 0.566061, 0.551721, 0.54182, 0.571863, 0.700218, 0.667647, 0.690467, 0.664939, 0.71508, 0.761756], "Scoop": [0.625697, 0.676699, 0.713378, 0.736991, 0.777932, 0.816155, 0.846956, 0.876984, 0.900877, 0.934569, 0.974113, 0.978523, 0.970389, 1.0, 0.998636, 0.99293, 0.965151, 0.940284, 0.934822, 0.903063, 0.87071, 0.834371, 0.790332, 0.745064, 0.690206, 0.62176, 0.57378, 0.52381, 0.479063, 0.448852, 0.434241, 0.438745, 0.469393, 0.491547, 0.509354, 0.557961, 0.587907, 0.610724, 0.627001, 0.616152, 0.613339, 0.603585, 0.574928, 0.654301, 0.687655, 0.694997, 0.710952, 0.743135, 0.783967, 0.79776, 0.723361],