{"years": [0, 1, 2, 3, 4, 5, 6, 7, 8, 9, 10, 11, 12, 13, 14, 15, 16, 17, 18, 19, 20, 21, 22, 23, 24, 25, 26, 27, 28, 29, 30, 31, 32, 33, 34, 35, 36, 37, 38, 39, 40, 41, 42, 43, 44, 45, 46, 47, 48, 49, 50], "series": {"Crime And Punishment": [0.0, 0.0, 0.0, 0.0, 0.0, 0.0, 0.0, 0.0, 0.0, 0.0, 0.0, 0.0, 0.0, 0.0, 0.0, 0.0, 0.0, 0.0, 0.0, 0.0, 0.0, 0.0, 0.0, 0.0, 0.0, 0.0, 0.0, 0.0, 0.0, 0.0, 0.0, 0.0, 1.0, 1.0, 1.0, 1.0, 1.0, 1.0, 1.0, 0.0, 0.0, 0.0, 0.0, 0.0, 0.0, 0.0, 0.0, 0.0, 0.0, 0.0, 0.0], "The Adventures Of Huckleberry Finn": [0.0, 0.0, 0.0, 0.0, 0.0, 0.0, 0.0, 0.0, 0.0, 0.0, 0.0, 0.0, 0.0, 0.0, 0.0, 0.0, 0.0, 0.0, 0.0, 0.0, 0.0, 0.0, 0.0, 0.0, 0.0, 0.0, 0.0, 0.0, 0.0, 0.0, 0.0, 0.0, 0.0, 0.0, 0.389444, 0.389444, 0.903083, 0.903083, 0.903083, 0.903083, 0.903083, 1.0, 1.0, 0.48636, 0.48636, 0.48636, 0.48636, 0.48636, 0.0, 0.0, 0.0], "The Picture Of Dorian Gray": [0.0, 0.0, 0.0, 0.0, 0.0, 0.0, 0.0, 0.0, 0.0, 0.0, 0.0, 0.0, 0.0, 0.0, 0.0, 0.0, 0.0, 0.0, 0.0, 0.0, 0.0, 0.0, 0.0, 0.0, 0.0, 0.035342, 0.035342, 0.035342, 0.764571, 0.764571, 1.0, 1.0, 0.964658, 0.964658, 0.985585, 0.256356, 0.256356, 0.020927, 0.020927, 0.020927, 0.020927, 0.0, 0.0, 0.0, 0.0, 0.0, 0.0, 0.0, 0.0, 0.090401, 0.276763], "The Wind In The Willows": [0.0, 0.0, 0.0, 0.0, 0.0, 0.0, 0.0, 0.0, 0.0, 0.0, 0.0, 0.0, 0.0, 0.0, 0.024851, 0.070987, 0.070987, 0.070987, 0.135889, 0.198364, 0.328375, 0.349737, 0.303602, 0.328244, 0.328244, 0.263341, 0.352005, 0.221994, 0.175781, 0.175781, 0.172547, 0.172547, 0.268716, 0.191922, 0.215786, 0.235527, 0.383334, 0.379647, 0.494292, 0.44607, 0.388092, 0.364228, 0.359991, 0.228283, 0.347556, 0.277172, 0.355662, 0.468668, 0.719705, 0.741797, 1.0], "The Mill On The Floss": [0.0, 0.0, 0.0, 0.0, 0.0, 0.0, 0.0, 0.0, 0.0, 0.0, 0.0, 0.0, 0.0, 0.0, 0.0, 0.0, 0.0, 0.0, 1.0, 1.0, 1.0, 1.0, 1.0, 1.0, 1.0, 0.0, 0.0, 0.0, 0.0, 0.059527, 0.059527, 0.059527, 0.059527, 0.059527, 0.059527, 0.207931, 0.148404, 0.148404, 0.148404, 0.148404, 0.148404, 0.148404, 0.0, 0.0, 0.0, 0.03678, 0.03678, 0.03678, 0.03678, 0.03678, 0.165693], "The Portrait Of A Lady": [0.0, 0.0, 0.0, 0.0, 0.0, 0.0, 0.0, 0.0, 0.0, 0.0, 0.0, 0.0, 0.0, 0.0, 0.0, 0.0, 0.0, 0.0, 0.0, 0.0, 0.0, 0.0, 0.0, 0.0, 0.0, 0.0, 0.0, 0.0, 0.0, 0.0, 0.0, 0.0, 0.0, 0.0, 0.0, 0.0, 0.0, 0.0, 0.0, 0.0, 0.0, 1.0, 1.0, 1.0, 1.0, 1.0, 1.0, 1.0, 0.0, 0.0, 0.0], "Tropic Of Cancer": [0.0, 0.0, 0.0, 0.0, 0.00593, 0.00593, 0.00593, 0.00593, 0.039141, 0.044643, 0.060073, 0.0689, 0.0689, 0.0689, 0.0689, 0.058534, 0.057328, 0.050841, 0.048732, 0.048732, 0.068174, 0.088068, 0.068885, 0.092224, 0.119498, 0.187614, 0.303311, 0.310482, 0.304997, 0.301335, 0.279899, 0.246706, 0.17523, 0.689032, 0.810595, 0.8949, 0.921905, 0.924826, 0.983925, 1.0, 0.39001, 0.263602, 0.242294, 0.23741, 0.239295, 0.185528, 0.160165, 0.164112, 0.168445, 0.106674, 0.136942], "A Tale Of Two Cities": [0.0, 0.0, 0.0, 0.0, 0.0, 0.0, 0.0, 0.0, 0.0, 0.0, 0.0, 0.0, 0.0, 0.0, 0.0, 0.0, 0.0, 0.0, 0.0, 0.0, 0.0, 0.0, 0.0, 0.0, 0.0, 0.0, 0.0, 0.0, 0.926165, 0.926165, 0.926165, 0.926165, 0.926165, 0.926165, 0.926165, 0.0, 0.0, 0.0, 0.0, 0.0, 0.0, 0.0, 0.0, 0.0, 0.0, 0.0, 0.0, 0.538841, 0.538841, 1.0, 1.0], "Heart Of Darkness": [0.0, 0.0, 0.0, 0.0, 0.0, 0.0, 0.0, 0.0, 0.0, 0.0, 0.0, 0.0, 0.0, 0.0, 0.0, 0.0, 0.0, 0.0, 0.0, 0.0, 0.0, 0.0, 0.0, 0.0, 0.0, 0.0, 0.0, 0.0, 0.0, 0.0, 0.0, 0.0, 0.0, 0.0, 0.0, 0.0, 0.0, 0.0, 0.331419, 0.331419, 0.689282, 0.689282, 0.689282, 0.689282, 1.0, 0.668581, 0.668581, 0.310718, 0.310718, 0.310718, 0.310718], "Sons And Lovers": [0.0, 0.0, 0.0, 0.0, 0.0, 0.0, 0.0, 0.0, 0.004535, 0.009041, 0.009041, 0.009041, 0.009041, 0.009041, 0.016567, 0.015939, 0.015624, 0.015624, 0.020091, 0.020091, 0.020091, 0.020371, 0.016464, 0.012272, 0.012272, 0.011677, 0.011677, 0.011677, 0.003872, 0.003872, 0.003872, 0.003872, 0.0, 0.002979, 0.002979, 0.002979, 0.002979, 0.005784, 0.008703, 0.011455, 0.008477, 0.013555, 0.057717, 0.16291, 0.649524, 0.883064, 0.930933, 0.955432, 1.0, 0.979358, 0.917533], "The Brothers Karamazov": [0.010486, 0.009029, 0.009029, 0.009029, 0.009029, 0.0, 0.0, 0.000964, 0.001903, 0.007374, 0.009101, 0.009975, 0.009975, 0.009975, 0.009011, 0.008828, 0.003357, 0.010555, 0.012302, 0.020801, 0.021438, 0.022067, 0.024965, 0.036551, 0.038161, 0.040556, 0.038689, 0.049874, 0.066254, 0.175582, 0.217487, 0.269871, 0.318662, 0.378849, 0.406215, 0.411774, 0.323464, 0.29877, 0.29606, 0.310957, 0.334753, 0.367424, 0.403587, 0.491341, 0.695889, 0.745183, 0.807267, 0.825323, 0.873235, 0.982113, 1.0], "The Return Of The Native": [0.0, 0.0, 0.0, 0.0, 0.0, 0.0, 0.0, 0.0, 0.0, 0.0, 0.0, 0.0, 0.0, 0.0, 0.0, 1.0, 1.0, 1.0, 1.0, 1.0, 1.0, 1.0, 0.0, 0.0, 0.0, 0.0, 0.0, 0.0, 0.0, 0.0, 0.0, 0.0, 0.0, 0.0, 0.0, 0.0, 0.0, 0.0, 0.0, 0.0, 0.0, 0.0, 0.0, 0.0, 0.0, 0.0, 0.0, 0.37879, 0.37879, 0.37879, 0.37879], "The Wonderful Wizard Of Oz": [0.0, 0.0, 0.0, 0.0, 0.0, 0.0, 0.0, 0.0, 0.0, 0.0, 0.0, 0.0, 0.0, 0.0, 0.0, 0.0, 0.0, 0.0, 0.0, 0.0, 0.0, 0.0, 0.0, 0.525549, 0.525549, 0.525549, 0.525549, 1.0, 1.0, 1.0, 0.474451, 0.474451, 0.474451, 0.474451, 0.0, 0.0, 0.0, 0.0, 0.0, 0.0, 0.0, 0.0, 0.0, 0.0, 0.0, 0.0, 0.746265, 0.746265, 0.746265, 0.746265, 0.746265], "Their Eyes Were Watching God": [0.1043, 0.116915, 0.121184, 0.130853, 0.078844, 0.059808, 0.063882, 0.072848, 0.07115, 0.073539, 0.064728, 0.062449, 0.053001, 0.050997, 0.042075, 0.038496, 0.036528, 0.037618, 0.031375, 0.029877, 0.036563, 0.038543, 0.034958, 0.033589, 0.03646, 0.069519, 0.071768, 0.06628, 0.067884, 0.079655, 0.095958, 0.116526, 0.097965, 0.128787, 0.172166, 0.194638, 0.205964, 0.238293, 0.247018, 0.27492, 0.281191, 0.288507, 0.362521, 0.406902, 0.406016, 0.471032, 0.535644, 0.648081, 0.767117, 0.858461, 1.0], "War And Peace": [0.0, 0.0, 0.0, 0.0, 0.0, 0.0, 0.0, 0.0, 0.0, 0.0, 0.0, 0.0, 0.0, 0.0, 0.0, 0.0, 0.0, 0.0, 0.0, 0.0, 0.0, 0.0, 0.0, 0.0, 0.0, 0.0, 0.0, 0.0, 0.0, 0.0, 0.0, 0.0, 0.0, 0.0, 0.0, 0.234555, 0.234555, 0.234555, 0.234555, 0.234555, 0.434027, 0.434027, 0.199472, 0.399137, 0.795874, 0.795874, 0.795874, 1.0, 1.0, 1.0, 0.800335], "The Three Musketeers": [0.066827, 0.069575, 0.069575, 0.074286, 0.071443, 0.071053, 0.050935, 0.019414, 0.03082, 0.117321, 0.150695, 0.174743, 0.187792, 0.206952, 0.217719, 0.20712, 0.120619, 0.106718, 0.086922, 0.090511, 0.094208, 0.103903, 0.108249, 0.149482, 0.150571, 0.173879, 0.178297, 0.17878, 0.172742, 0.184895, 0.162132, 0.162096, 0.148889, 0.139483, 0.130863, 0.146755, 0.163681, 0.195279, 0.187494, 0.20088, 0.200654, 0.264541, 0.281479, 0.296791, 0.31248, 0.341275, 0.373522, 0.608534, 0.820987, 0.921875, 1.0]}, "events": {}}