{"years": [0, 1, 2, 3, 4, 5, 6, 7, 8, 9, 10, 11, 12, 13, 14, 15, 16, 17, 18, 19, 20, 21, 22, 23, 24, 25, 26, 27, 28, 29, 30, 31, 32, 33, 34, 35, 36, 37, 38, 39, 40, 41, 42, 43, 44, 45, 46, 47, 48, 49, 50], "series": {"The Great Gatsby": [0.172167, 0.178338, 0.18539, 0.204779, 0.162777, 0.108816, 0.113926, 0.115388, 0.116377, 0.114928, 0.093468, 0.088885, 0.08641, 0.086894, 0.087051, 0.094914, 0.103685, 0.128848, 0.15529, 0.192845, 0.214766, 0.306504, 0.33584, 0.397625, 0.406093, 0.403269, 0.393192, 0.382597, 0.313815, 0.314294, 0.288428, 0.299882, 0.334375, 0.374196, 0.392741, 0.453187, 0.474165, 0.518746, 0.540005, 0.578133, 0.579918, 0.582815, 0.589142, 0.633751, 0.620563, 0.654028, 0.877312, 0.928464, 0.963824, 0.973982, 1.0], "Madame Bovary": [0.278258, 0.282098, 0.296797, 0.315733, 0.370606, 0.169124, 0.161949, 0.200892, 0.215721, 0.219777, 0.215673, 0.182764, 0.154096, 0.166203, 0.117935, 0.20644, 0.21124, 0.236814, 0.241174, 0.282285, 0.348366, 0.42224, 0.432096, 0.450127, 0.489165, 0.5112, 0.560708, 0.653291, 0.685071, 0.640609, 0.74279, 0.792054, 0.901814, 0.915943, 0.865417, 0.867053, 1.0, 0.976698, 0.987413, 0.951464, 0.923273, 0.947376, 0.916671, 0.893231, 0.872413, 0.984069, 0.960464, 0.962219, 0.873836, 0.859103, 0.793956], "Nineteen Eighty-Four": [0.176397, 0.210008, 0.232493, 0.25141, 0.204808, 0.171596, 0.169603, 0.16775, 0.153755, 0.147184, 0.1413, 0.133345, 0.128815, 0.125743, 0.139405, 0.135683, 0.146547, 0.163153, 0.174685, 0.198727, 0.20523, 0.203713, 0.221901, 0.226853, 0.218956, 0.267045, 0.261983, 0.268677, 0.277389, 0.28967, 0.315232, 0.3914, 0.601376, 0.779542, 0.869016, 0.941444, 0.988165, 1.0, 0.960604, 0.766922, 0.682118, 0.628512, 0.570577, 0.533328, 0.533418, 0.54254, 0.525263, 0.472691, 0.478184, 0.497457, 0.51986], "Mrs Dalloway": [0.201357, 0.196998, 0.151297, 0.183615, 0.163492, 0.167237, 0.11298, 0.088676, 0.095601, 0.0907, 0.083966, 0.090185, 0.080071, 0.113868, 0.111799, 0.126838, 0.15288, 0.23038, 0.247403, 0.292245, 0.280519, 0.35392, 0.347935, 0.390743, 0.306655, 0.306868, 0.311428, 0.396305, 0.356057, 0.347664, 0.307914, 0.318445, 0.33877, 0.316778, 0.23658, 0.291781, 0.361055, 0.507946, 0.514573, 0.556977, 0.57665, 0.630651, 0.734528, 0.707289, 0.66128, 0.846622, 0.831786, 0.937488, 0.93385, 0.963198, 1.0], "The Call Of The Wild": [0.0, 0.0, 0.0, 0.0, 0.0, 0.069163, 0.069163, 0.069163, 0.069163, 0.289667, 0.289667, 0.289667, 0.220504, 0.220504, 0.220504, 0.220504, 0.0, 0.09252, 0.09252, 0.09252, 0.09252, 0.09252, 0.180126, 0.180126, 0.333459, 0.504, 0.504, 0.504, 0.600973, 0.695304, 0.770718, 0.524865, 0.354324, 0.354324, 0.354324, 0.257351, 0.16531, 0.184508, 0.282028, 0.469846, 0.469846, 0.542553, 0.960996, 1.0, 0.905388, 0.872271, 0.684453, 0.684453, 0.865154, 0.446711, 0.31781], "The Grapes Of Wrath": [0.365695, 0.381487, 0.397763, 0.435106, 0.446243, 0.453013, 0.554859, 0.531427, 0.568111, 0.551835, 0.479337, 0.447745, 0.302012, 0.125952, 0.104416, 0.079583, 0.136153, 0.157895, 0.186798, 0.210247, 0.269197, 0.417802, 0.480515, 0.44956, 0.439287, 0.412068, 0.467429, 0.442434, 0.344826, 0.383035, 0.394022, 0.37517, 0.410751, 0.38803, 0.424405, 0.439617, 0.505314, 0.554694, 0.619113, 0.639717, 0.735275, 0.77506, 0.745809, 0.681228, 0.650637, 0.720313, 0.854279, 0.88522, 0.854909, 0.964262, 1.0], "As I Lay Dying": [0.183844, 0.217435, 0.27965, 0.316198, 0.297554, 0.218056, 0.211856, 0.211445, 0.213318, 0.181402, 0.167915, 0.180878, 0.198386, 0.239212, 0.261291, 0.279506, 0.307417, 0.322894, 0.372428, 0.42506, 0.436194, 0.481406, 0.498435, 0.589323, 0.652051, 0.653939, 0.685475, 0.732929, 0.74412, 0.763789, 0.708588, 0.729493, 0.775755, 0.788712, 0.747855, 0.781136, 0.788574, 0.798709, 0.807783, 0.813564, 0.881263, 0.934573, 0.896893, 0.939614, 0.953994, 0.935384, 0.941127, 0.880841, 0.926125, 1.0, 0.997085], "Dracula": [0.311139, 0.361242, 0.404708, 0.424093, 0.353696, 0.305915, 0.283443, 0.213729, 0.20155, 0.184568, 0.193472, 0.202686, 0.216422, 0.222478, 0.214951, 0.184525, 0.169579, 0.1474, 0.122975, 0.095594, 0.098577, 0.097124, 0.104797, 0.107179, 0.1147, 0.118705, 0.139351, 0.231371, 0.354478, 0.424782, 0.490675, 0.686435, 0.783936, 0.873208, 0.845319, 0.802339, 0.815493, 0.78761, 0.710497, 0.691907, 0.645107, 0.634772, 0.605319, 0.691575, 0.780012, 0.811351, 0.868573, 0.948072, 0.993284, 1.0, 0.892443], "To The Lighthouse": [0.149439, 0.162685, 0.167066, 0.143916, 0.07654, 0.072682, 0.084005, 0.098027, 0.084781, 0.088032, 0.100065, 0.235713, 0.240121, 0.224363, 0.199248, 0.233555, 0.22083, 0.211098, 0.108118, 0.115033, 0.141194, 0.181337, 0.1976, 0.21662, 0.327808, 0.354246, 0.401917, 0.433142, 0.438609, 0.523135, 0.5398, 0.452605, 0.519839, 0.478788, 0.455067, 0.46308, 0.379577, 0.405646, 0.425376, 0.374423, 0.437202, 0.508412, 0.522008, 0.616542, 0.705086, 0.736721, 0.78818, 0.838602, 0.926475, 0.97474, 1.0], "A Farewell To Arms": [0.27199, 0.307252, 0.348367, 0.351878, 0.338308, 0.274289, 0.290711, 0.235928, 0.229571, 0.224131, 0.248335, 0.226537, 0.16438, 0.169208, 0.165355, 0.158904, 0.139353, 0.163901, 0.200262, 0.210195, 0.191926, 0.205118, 0.214427, 0.258287, 0.290773, 0.536735, 0.827514, 0.921319, 0.959503, 1.0, 0.994891, 0.977117, 0.881706, 0.638221, 0.550171, 0.543156, 0.515603, 0.499654, 0.471407, 0.300307, 0.287067, 0.306431, 0.300317, 0.315563, 0.338509, 0.342628, 0.359925, 0.384069, 0.36585, 0.369837, 0.399789], "A Passage To India": [0.131233, 0.131233, 0.123279, 0.123279, 0.010416, 0.010416, 0.0, 0.011114, 0.021552, 0.038857, 0.038857, 0.107149, 0.135178, 0.144729, 0.143258, 0.13282, 0.755837, 0.811764, 0.775816, 0.872679, 0.90486, 0.911198, 1.0, 0.410167, 0.376392, 0.69334, 0.589406, 0.569471, 0.57407, 0.511794, 0.537294, 0.586418, 0.338464, 0.526157, 0.574195, 0.743107, 0.772751, 0.758858, 0.898827, 0.922586, 0.809757, 0.867941, 0.829426, 0.913447, 0.929889, 0.789075, 0.747184, 0.745372, 0.68481, 0.602825, 0.517236], "Brideshead Revisited": [0.452743, 0.493036, 0.532708, 0.55531, 0.478673, 0.322528, 0.291272, 0.269249, 0.261407, 0.245737, 0.257396, 0.251141, 0.239386, 0.227121, 0.224648, 0.221057, 0.235555, 0.213924, 0.219067, 0.240988, 0.248427, 0.249428, 0.26338, 0.270578, 0.292307, 0.290168, 0.253284, 0.265383, 0.268811, 0.272421, 0.257773, 0.252585, 0.267015, 0.37262, 0.569239, 0.69505, 0.77453, 0.862273, 0.932742, 1.0, 0.982401, 0.85311, 0.864837, 0.839925, 0.820668, 0.820493, 0.807645, 0.79578, 0.798169, 0.7122, 0.736912], "The Invisible Man": [0.795987, 0.806977, 0.870273, 0.903177, 0.605688, 0.32959, 0.294841, 0.289464, 0.256319, 0.19751, 0.18313, 0.184823, 0.19457, 0.194497, 0.20639, 0.194033, 0.195766, 0.177547, 0.15567, 0.131264, 0.11181, 0.095774, 0.117185, 0.122123, 0.153137, 0.182122, 0.216587, 0.253219, 0.265561, 0.264258, 0.281032, 0.282517, 0.309234, 0.43108, 0.634111, 0.749183, 0.785807, 0.816489, 0.878797, 0.987727, 1.0, 0.853253, 0.828215, 0.840572, 0.847468, 0.807065, 0.736421, 0.663614, 0.634281, 0.56121, 0.557503], "The Sun Also Rises": [0.209942, 0.256987, 0.302515, 0.347586, 0.344591, 0.307331, 0.31599, 0.285465, 0.278016, 0.250759, 0.227169, 0.23164, 0.222001, 0.217535, 0.216479, 0.223723, 0.232282, 0.244038, 0.251182, 0.246411, 0.253022, 0.303166, 0.310749, 0.376205, 0.41104, 0.433877, 0.483789, 0.536419, 0.682526, 0.750539, 0.763782, 0.795847, 0.843231, 0.887806, 0.901643, 0.763228, 0.755783, 0.754565, 0.73937, 0.735663, 0.787675, 0.818476, 0.878615, 0.925302, 0.959878, 1.0, 0.977979, 0.899824, 0.886448, 0.846863, 0.764884], "The Hobbit": [0.180145, 0.189434, 0.198012, 0.203555, 0.148848, 0.072265, 0.064166, 0.059279, 0.058659, 0.056277, 0.059088, 0.065747, 0.065543, 0.0724, 0.089473, 0.10546, 0.125114, 0.131458, 0.137503, 0.144853, 0.14742, 0.14374, 0.147002, 0.141878, 0.143266, 0.170904, 0.236111, 0.270512, 0.317612, 0.356854, 0.385053, 0.417265, 0.451605, 0.432646, 0.487793, 0.515499, 0.552778, 0.644611, 0.743413, 0.815266, 0.849231, 0.877456, 0.863587, 0.880471, 0.876872, 0.841753, 0.835159, 0.890531, 0.934026, 0.982421, 1.0]}, "events": {}}