{"years": [0, 1, 2, 3, 4, 5, 6, 7, 8, 9, 10, 11, 12, 13, 14, 15, 16, 17, 18, 19, 20, 21, 22, 23, 24, 25, 26, 27, 28, 29, 30, 31, 32, 33, 34, 35, 36, 37, 38, 39, 40, 41, 42, 43, 44, 45, 46, 47, 48, 49, 50], "series": {"Anna Karenina": [0.08489, 0.104082, 0.100128, 0.093823, 0.086404, 0.09847, 0.274872, 0.449325, 0.56305, 0.718919, 0.842071, 0.937483, 1.0, 0.833777, 0.744952, 0.688088, 0.595102, 0.537869, 0.530971, 0.539482, 0.615341, 0.660949, 0.688965, 0.709522, 0.731823, 0.743073, 0.751537, 0.748323, 0.760498, 0.738756, 0.752349, 0.805895, 0.788574, 0.77283, 0.773879, 0.710852, 0.704202, 0.675504, 0.621881, 0.603705, 0.57994, 0.514778, 0.511238, 0.523771, 0.581303, 0.592441, 0.636807, 0.721127, 0.841466, 0.920952, 0.972493], "Brave New World": [0.250704, 0.310429, 0.390896, 0.462474, 0.43195, 0.449579, 0.449398, 0.470223, 0.488189, 0.475182, 0.468726, 0.471978, 0.469322, 0.483825, 0.470519, 0.440969, 0.414348, 0.390684, 0.392502, 0.402837, 0.410636, 0.432804, 0.457075, 0.52029, 0.628291, 0.712939, 0.759771, 0.809338, 0.84896, 0.891141, 0.909248, 0.860732, 0.820176, 0.823968, 0.831466, 0.872368, 0.907785, 0.935147, 0.954359, 1.0, 0.995332, 0.977105, 0.962834, 0.929548, 0.894951, 0.873297, 0.84317, 0.848699, 0.85611, 0.86271, 0.865932], "Ulysses": [0.914181, 0.908507, 0.924535, 0.917967, 0.897254, 0.893672, 0.891584, 0.860657, 0.875667, 0.884186, 0.889019, 0.876542, 0.884667, 0.868757, 0.872844, 0.848176, 0.832949, 0.818114, 0.817691, 0.780908, 0.746309, 0.754177, 0.754869, 0.760683, 0.750446, 0.766982, 0.790172, 0.82508, 0.82195, 0.834817, 0.839602, 0.859165, 0.860701, 0.866337, 0.884811, 0.895923, 0.917156, 0.925221, 0.956122, 0.959743, 0.975828, 0.97358, 0.996752, 1.0, 0.988433, 0.978576, 0.965943, 0.973977, 0.94948, 0.935052, 0.899837], "Bleak House": [0.824736, 0.9006, 1.0, 0.844701, 0.64834, 0.618049, 0.603328, 0.569372, 0.563038, 0.536844, 0.521468, 0.549344, 0.564525, 0.620777, 0.705478, 0.714731, 0.736777, 0.866826, 0.849537, 0.866675, 0.860143, 0.806035, 0.791923, 0.763719, 0.666261, 0.679653, 0.673229, 0.660754, 0.662755, 0.667948, 0.658103, 0.629401, 0.628648, 0.665607, 0.657115, 0.650073, 0.649487, 0.643157, 0.679163, 0.710636, 0.70054, 0.719455, 0.722184, 0.745077, 0.760388, 0.724319, 0.672223, 0.650094, 0.609582, 0.606239, 0.604862], "Orlando": [0.77478, 0.73765, 0.700581, 0.680999, 0.66482, 0.648718, 0.646953, 0.637868, 0.650755, 0.675427, 0.693356, 0.70403, 0.726543, 0.7501, 0.773675, 0.807877, 0.833172, 0.846678, 0.863227, 0.865807, 0.862001, 0.862324, 0.849752, 0.846637, 0.851007, 0.858702, 0.877786, 0.886534, 0.907939, 0.91577, 0.944572, 0.972975, 1.0, 0.992063, 0.9783, 0.95227, 0.944627, 0.89836, 0.857591, 0.819817, 0.804555, 0.80165, 0.812393, 0.822464, 0.849653, 0.862125, 0.877417, 0.913911, 0.933243, 0.948351, 0.97296], "Rebecca": [0.713145, 0.708663, 0.705327, 0.701413, 0.678986, 0.68639, 0.663237, 0.659291, 0.646861, 0.643125, 0.621297, 0.733307, 0.699708, 0.686984, 0.670131, 0.670421, 0.655814, 0.6556, 0.52949, 0.528048, 0.535858, 0.541496, 0.543777, 0.539309, 0.536935, 0.52915, 0.531102, 0.525082, 0.538762, 0.54028, 0.543842, 0.549824, 0.558311, 0.571394, 0.595719, 0.603295, 0.617473, 0.645167, 0.667816, 0.703683, 0.721926, 0.742237, 0.764903, 0.791739, 0.825081, 0.846162, 0.871583, 0.904647, 0.928796, 0.959731, 1.0], "The Jungle": [0.954769, 0.959024, 0.981717, 1.0, 0.730789, 0.588353, 0.48904, 0.460228, 0.459207, 0.441032, 0.432734, 0.436728, 0.446175, 0.463302, 0.493162, 0.507035, 0.533584, 0.549039, 0.583779, 0.588928, 0.59192, 0.602796, 0.652846, 0.668964, 0.692363, 0.694809, 0.713926, 0.730498, 0.754762, 0.731514, 0.705044, 0.697188, 0.677712, 0.67834, 0.656708, 0.627935, 0.585571, 0.598802, 0.599945, 0.594627, 0.601304, 0.616139, 0.61439, 0.662825, 0.669963, 0.677596, 0.678407, 0.672342, 0.670389, 0.6631, 0.64138], "The Scarlet Letter": [0.411524, 0.457221, 0.511378, 0.558192, 0.468614, 0.414626, 0.349624, 0.458532, 0.507264, 0.47439, 0.584881, 0.67975, 0.738346, 0.724083, 0.573603, 0.580965, 0.601826, 0.506952, 0.466432, 0.534364, 0.607508, 0.725884, 0.751957, 0.868601, 0.922599, 0.953128, 0.913742, 0.88819, 0.810455, 0.789808, 0.736663, 0.735356, 0.728459, 0.751825, 0.803173, 0.909454, 0.880114, 0.877747, 0.844154, 0.880512, 0.86566, 0.873301, 0.833984, 0.921496, 0.967885, 1.0, 0.939667, 0.919132, 0.864097, 0.878304, 0.874464], "The Trial": [0.345014, 0.354713, 0.350636, 0.384229, 0.390572, 0.40231, 0.411281, 0.418535, 0.425196, 0.436158, 0.431803, 0.476547, 0.531119, 0.613279, 0.695163, 0.751417, 0.821748, 0.936483, 1.0, 0.992508, 0.95055, 0.883772, 0.87427, 0.845518, 0.763859, 0.709207, 0.712508, 0.745103, 0.797669, 0.785762, 0.78991, 0.811335, 0.818567, 0.844209, 0.867781, 0.866555, 0.903163, 0.931204, 0.944727, 0.954866, 0.938337, 0.90497, 0.9097, 0.911094, 0.902761, 0.879508, 0.867325, 0.850598, 0.818641, 0.774552, 0.728722], "A Christmas Carol": [0.555519, 0.56669, 0.579913, 0.611036, 0.57556, 0.409225, 0.328413, 0.331565, 0.359552, 0.386927, 0.406086, 0.424537, 0.484081, 0.53346, 0.59665, 0.59482, 0.629144, 0.658962, 0.661488, 0.724449, 0.722808, 0.680838, 0.811116, 0.825682, 0.833665, 0.82363, 0.767251, 0.796573, 0.84605, 0.752249, 0.768872, 0.757699, 0.761552, 0.74694, 0.710972, 0.704451, 0.719002, 0.733823, 0.775823, 0.819941, 0.86754, 0.906618, 0.936397, 0.97876, 1.0, 0.989265, 0.967177, 0.958991, 0.971023, 0.960386, 0.940262], "Animal Farm": [0.3506, 0.393737, 0.460051, 0.483923, 0.457319, 0.422534, 0.486801, 0.653408, 0.698448, 0.695484, 0.717147, 0.73826, 0.745822, 0.718681, 0.604104, 0.587859, 0.585676, 0.614359, 0.641926, 0.631936, 0.611267, 0.618039, 0.623682, 0.66936, 0.674181, 0.675904, 0.694041, 0.707722, 0.677243, 0.673081, 0.633239, 0.633958, 0.620862, 0.615987, 0.607394, 0.636392, 0.730475, 0.807053, 0.848656, 0.888916, 0.914914, 0.947602, 1.0, 0.947471, 0.908272, 0.88851, 0.857728, 0.852121, 0.875077, 0.836353, 0.882298], "Black Beauty": [0.094803, 0.129242, 0.156199, 0.17236, 0.209514, 0.286062, 0.288423, 0.365075, 0.409065, 0.433185, 0.54296, 0.598891, 0.618707, 0.642656, 0.668519, 0.699786, 0.743715, 0.720737, 0.714285, 0.713253, 0.742503, 0.748631, 0.758061, 0.783969, 0.829242, 0.892758, 0.954745, 1.0, 0.984726, 0.975222, 0.935141, 0.876376, 0.808561, 0.729809, 0.648217, 0.634511, 0.633844, 0.659308, 0.686692, 0.810296, 0.867792, 0.876068, 0.937402, 0.992227, 0.935719, 0.885916, 0.730422, 0.637275, 0.593948, 0.494744, 0.387194], "Kidnapped: The Adventures Of David Balfour": [0.667663, 0.719825, 0.786569, 0.88282, 0.882937, 0.842498, 0.884477, 0.887091, 0.941082, 0.992003, 1.0, 0.908812, 0.894847, 0.857142, 0.878946, 0.849565, 0.802315, 0.769112, 0.774951, 0.712739, 0.666242, 0.609534, 0.585299, 0.581527, 0.600231, 0.606123, 0.616092, 0.630243, 0.647652, 0.640389, 0.630333, 0.604833, 0.6026, 0.645085, 0.64983, 0.67983, 0.743883, 0.789486, 0.785412, 0.797512, 0.747886, 0.741687, 0.732437, 0.668096, 0.645004, 0.661852, 0.636872, 0.638671, 0.631918, 0.702104, 0.709725], "Lord Jim": [0.365845, 0.405969, 0.419762, 0.428192, 0.329479, 0.24646, 0.22382, 0.197079, 0.178856, 0.241384, 0.3056, 0.412376, 0.467652, 0.548399, 0.599913, 0.627765, 0.61885, 0.630196, 0.58366, 0.6076, 0.657814, 0.765156, 0.877118, 0.928887, 0.950079, 1.0, 0.993504, 0.955783, 0.889978, 0.795887, 0.767647, 0.767644, 0.781079, 0.872799, 0.846075, 0.862911, 0.89238, 0.910859, 0.901042, 0.91147, 0.825976, 0.844427, 0.812108, 0.843223, 0.886389, 0.903683, 0.84572, 0.869311, 0.873647, 0.909692, 0.900133], "Native Son": [0.812157, 0.860347, 0.940593, 0.982674, 0.834703, 0.64425, 0.583633, 0.545034, 0.544168, 0.502832, 0.477896, 0.510591, 0.513168, 0.50293, 0.511941, 0.469279, 0.443898, 0.436482, 0.391023, 0.370244, 0.383295, 0.390488, 0.417367, 0.442119, 0.4484, 0.47914, 0.572525, 0.676523, 0.745504, 0.806084, 0.864438, 0.918561, 0.922148, 0.85744, 0.799918, 0.780053, 0.739573, 0.695987, 0.665125, 0.663913, 0.662864, 0.655231, 0.629572, 0.641132, 0.662682, 0.761937, 0.777134, 0.852968, 0.89956, 0.950855, 1.0],