{"years": [1900, 1901, 1902, 1903, 1904, 1905, 1906, 1907, 1908, 1909, 1910, 1911, 1912, 1913, 1914, 1915, 1916, 1917, 1918, 1919, 1920, 1921, 1922, 1923, 1924, 1925, 1926, 1927, 1928, 1929, 1930, 1931, 1932, 1933, 1934, 1935, 1936, 1937, 1938, 1939, 1940, 1941, 1942, 1943, 1944, 1945, 1946, 1947, 1948, 1949, 1950, 1951, 1952, 1953, 1954, 1955, 1956, 1957, 1958, 1959, 1960, 1961, 1962, 1963, 1964, 1965, 1966, 1967, 1968, 1969, 1970, 1971, 1972, 1973, 1974, 1975, 1976, 1977, 1978, 1979, 1980, 1981, 1982, 1983, 1984, 1985, 1986, 1987, 1988, 1989, 1990, 1991, 1992, 1993, 1994, 1995, 1996, 1997, 1998, 1999, 2000, 2001, 2002, 2003, 2004, 2005, 2006, 2007, 2008, 2009, 2010, 2011, 2012, 2013, 2014, 2015, 2016, 2017, 2018, 2019], "series": {"English": [8.795616561474429e-10, 7.583843747438479e-10, 6.540727404136248e-10, 5.966646779828214e-10, 2.728510433464797e-10, 5.990049646774156e-10, 5.727275598221837e-10, 5.852441388652454e-10, 5.461476747038927e-10, 5.272170220235342e-10, 4.911861215381056e-10, 4.5420842285727655e-10, 8.276499525410636e-11, 1.101586936748587e-10, 1.0883903302426136e-10, 1.4255139132604962e-10, 1.4255139132604962e-10, 1.8770201662806788e-10, 3.3743787526090736e-10, 3.5142964728761076e-10, 3.281968347883841e-10, 3.179098155360803e-10, 4.0837431650572343e-10, 5.238407862246624e-10, 5.57211897654421e-10, 5.741986747187511e-10, 8.318102258573847e-10, 1.193019887245152e-09, 2.9936167671757677e-09, 1.5183379997729674e-08, 2.188364855199814e-08, 2.8919668406045063e-08, 3.544609542390934e-08, 4.306782670176241e-08, 5.4582737314084236e-08, 6.490874631432624e-08, 6.085071595813523e-08, 6.318836704671022e-08, 6.328099441280496e-08, 6.670724721808646e-08, 6.970152099938787e-08, 6.784594575037772e-08, 6.674996707748246e-08, 6.696901268453206e-08, 6.643755920013713e-08, 6.855141673359607e-08, 6.631327969281691e-08, 6.245094955456157e-08, 5.886091005079054e-08, 5.5571432661898664e-08, 5.606784877646273e-08, 5.758110686672678e-08, 5.875616082562374e-08, 6.1969246749933e-08, 6.538870270641642e-08, 7.452192564626006e-08, 8.970320664047904e-08, 1.0152272571823622e-07, 1.0796656977975414e-07, 1.1471430383380721e-07, 1.2029103503761819e-07, 1.2645808514629868e-07, 1.2871814293800655e-07, 1.2212570611934227e-07, 1.1655351426855174e-07, 1.1762897551242141e-07, 1.1928054277632327e-07, 1.249164845213662e-07, 1.299114751012504e-07, 1.3426973920007056e-07, 1.3715510403601782e-07, 1.4396113710647895e-07, 1.4321265950911766e-07, 1.4051884481399872e-07, 1.3853639809927438e-07, 1.3404614561198157e-07, 1.291533463034154e-07, 1.2617938287868518e-07, 1.2180553759273088e-07, 1.2267631177564908e-07, 1.2386663428287648e-07, 1.250742402346207e-07, 1.2545733239578893e-07, 1.2454344552484793e-07, 1.2667458954800687e-07, 1.251665590221559e-07, 1.230208529331581e-07, 1.2244760126480158e-07, 1.1968559781345383e-07, 1.2020443611910586e-07, 1.224907484649001e-07, 1.263561841824412e-07, 1.2983063766926405e-07, 1.3900427729497876e-07, 1.4459155498311054e-07, 1.5006345271168747e-07, 1.5769971639656433e-07, 1.6725225496624523e-07, 1.7559008215682426e-07, 1.8393901817554642e-07, 1.8563731275987395e-07, 1.9196590983483475e-07, 1.9713461085757444e-07, 2.0134552057373055e-07, 2.018499896751434e-07, 1.9592731957475606e-07, 1.998354101877859e-07, 2.0235081267726075e-07, 2.0222948852019078e-07, 1.9644250366062416e-07, 1.9558043058103586e-07, 1.9961707867618576e-07, 2.0246354738771644e-07, 2.065549478759619e-07, 2.086042282404118e-07, 2.1229668537411532e-07, 2.1932210764979182e-07, 2.2202006751588973e-07, 2.2051212340556957e-07, 2.2747952854729192e-07], "French": [0.0, 0.0, 0.0, 0.0, 2.181000300995249e-10, 2.181000300995249e-10, 2.181000300995249e-10, 2.181000300995249e-10, 2.181000300995249e-10, 2.181000300995249e-10, 2.181000300995249e-10, 0.0, 0.0, 0.0, 0.0, 0.0, 0.0, 0.0, 0.0, 0.0, 0.0, 0.0, 0.0, 0.0, 0.0, 1.5975202113541594e-10, 3.154464943224054e-10, 3.154464943224054e-10, 4.653898853592052e-10, 6.044652873476203e-10, 3.1040442438623472e-09, 3.59237882298556e-09, 3.432626801850144e-09, 3.2769323286631545e-09, 3.2769323286631545e-09, 3.1269889376263548e-09, 2.9879135356379395e-09, 4.883345791232127e-10, 3.719213191390379e-10, 1.137545327775261e-09, 1.137545327775261e-09, 1.137545327775261e-09, 1.137545327775261e-09, 4.446977040574649e-09, 7.231281636980011e-09, 7.003229980056298e-09, 6.6482962151377075e-09, 7.381843533263829e-09, 9.17824008858251e-09, 9.59449600720522e-09, 7.816191900061093e-09, 7.4211156743585e-09, 8.966101670639302e-09, 9.706691767823777e-09, 1.0029056759667095e-08, 9.985674826700525e-09, 1.2688970763008456e-08, 1.2541059746240535e-08, 1.0432268065280986e-08, 1.0483428411082026e-08, 1.0434793917823981e-08, 1.0797614802271482e-08, 1.1745612672951568e-08, 9.805927181361085e-09, 9.81655816951437e-09, 1.167984312441409e-08, 1.1863391792741953e-08, 1.3660656098376681e-08, 1.4190846339293524e-08, 1.3376242716641888e-08, 1.6326760261214142e-08, 1.6861913008727114e-08, 1.683953814486066e-08, 1.661061548625347e-08, 1.9728468382749853e-08, 1.8698749786645e-08, 1.986224207328746e-08, 1.6513872935774998e-08, 1.5793025046459012e-08, 1.5677148722050205e-08, 1.9007723775895817e-08, 1.6163880012243226e-08, 2.8377086394978538e-08, 3.009320798901578e-08, 3.4509666997044926e-08, 3.895411650388171e-08, 4.399855768610905e-08, 4.184558071480231e-08, 4.413084044228656e-08, 3.7255321367573354e-08, 4.0900051853246366e-08, 4.370219284867614e-08, 4.418426259787468e-08, 3.9863273063441996e-08, 4.3876232678842694e-08, 4.381931617558621e-08, 4.578184637742717e-08, 4.6856306771100465e-08, 4.360445769537234e-08, 4.23952103899085e-08, 4.7436496381741174e-08, 4.7347752131697366e-08, 4.805299066593502e-08, 5.197707965619104e-08, 5.608162823023122e-08, 6.649201367281421e-08, 7.28096288022633e-08, 7.26318484721235e-08, 1.0797042295150407e-07, 1.1065059167338274e-07, 1.0825878200242706e-07, 1.1500193711607868e-07, 1.1651146282685789e-07, 1.149746685160023e-07, 1.1827663014076149e-07, 8.758940392031686e-08, 8.824526531725496e-08, 9.157582425700639e-08, 8.142490486306997e-08, 7.26109465887248e-08],