{"years": [1900, 1901, 1902, 1903, 1904, 1905, 1906, 1907, 1908, 1909, 1910, 1911, 1912, 1913, 1914, 1915, 1916, 1917, 1918, 1919, 1920, 1921, 1922, 1923, 1924, 1925, 1926, 1927, 1928, 1929, 1930, 1931, 1932, 1933, 1934, 1935, 1936, 1937, 1938, 1939, 1940, 1941, 1942, 1943, 1944, 1945, 1946, 1947, 1948, 1949, 1950, 1951, 1952, 1953, 1954, 1955, 1956, 1957, 1958, 1959, 1960, 1961, 1962, 1963, 1964, 1965, 1966, 1967, 1968, 1969, 1970, 1971, 1972, 1973, 1974, 1975, 1976, 1977, 1978, 1979, 1980, 1981, 1982, 1983, 1984, 1985, 1986, 1987, 1988, 1989, 1990, 1991, 1992, 1993, 1994, 1995, 1996, 1997, 1998, 1999, 2000, 2001, 2002, 2003, 2004, 2005, 2006, 2007, 2008, 2009, 2010, 2011, 2012, 2013, 2014, 2015, 2016, 2017, 2018, 2019], "series": {"Brave New World (Huxley, 1932)": [8.795616561474429e-10, 7.583843747438479e-10, 6.540727404136248e-10, 5.966646779828214e-10, 2.728510433464797e-10, 5.990049646774156e-10, 5.727275598221837e-10, 5.852441388652454e-10, 5.461476747038927e-10, 5.272170220235342e-10, 4.911861215381056e-10, 4.5420842285727655e-10, 8.276499525410636e-11, 1.101586936748587e-10, 1.0883903302426136e-10, 1.4255139132604962e-10, 1.4255139132604962e-10, 1.8770201662806788e-10, 3.3743787526090736e-10, 3.5142964728761076e-10, 3.281968347883841e-10, 3.179098155360803e-10, 4.0837431650572343e-10, 5.238407862246624e-10, 5.57211897654421e-10, 5.741986747187511e-10, 8.318102258573847e-10, 1.193019887245152e-09, 2.9936167671757677e-09, 1.5183379997729674e-08, 2.188364855199814e-08, 2.8919668406045063e-08, 3.544609542390934e-08, 4.306782670176241e-08, 5.4582737314084236e-08, 6.490874631432624e-08, 6.085071595813523e-08, 6.318836704671022e-08, 6.328099441280496e-08, 6.670724721808646e-08, 6.970152099938787e-08, 6.784594575037772e-08, 6.674996707748246e-08, 6.696901268453206e-08, 6.643755920013713e-08, 6.855141673359607e-08, 6.631327969281691e-08, 6.245094955456157e-08, 5.886091005079054e-08, 5.5571432661898664e-08, 5.606784877646273e-08, 5.758110686672678e-08, 5.875616082562374e-08, 6.1969246749933e-08, 6.538870270641642e-08, 7.452192564626006e-08, 8.970320664047904e-08, 1.0152272571823622e-07, 1.0796656977975414e-07, 1.1471430383380721e-07, 1.2029103503761819e-07, 1.2645808514629868e-07, 1.2871814293800655e-07, 1.2212570611934227e-07, 1.1655351426855174e-07, 1.1762897551242141e-07, 1.1928054277632327e-07, 1.249164845213662e-07, 1.299114751012504e-07, 1.3426973920007056e-07, 1.3715510403601782e-07, 1.4396113710647895e-07, 1.4321265950911766e-07, 1.4051884481399872e-07, 1.3853639809927438e-07, 1.3404614561198157e-07, 1.291533463034154e-07, 1.2617938287868518e-07, 1.2180553759273088e-07, 1.2267631177564908e-07, 1.2386663428287648e-07, 1.250742402346207e-07, 1.2545733239578893e-07, 1.2454344552484793e-07, 1.2667458954800687e-07, 1.251665590221559e-07, 1.230208529331581e-07, 1.2244760126480158e-07, 1.1968559781345383e-07, 1.2020443611910586e-07, 1.224907484649001e-07, 1.263561841824412e-07, 1.2983063766926405e-07, 1.3900427729497876e-07, 1.4459155498311054e-07, 1.5006345271168747e-07, 1.5769971639656433e-07, 1.6725225496624523e-07, 1.7559008215682426e-07, 1.8393901817554642e-07, 1.8563731275987395e-07, 1.9196590983483475e-07, 1.9713461085757444e-07, 2.0134552057373055e-07, 2.018499896751434e-07, 1.9592731957475606e-07, 1.998354101877859e-07, 2.0235081267726075e-07, 2.0222948852019078e-07, 1.9644250366062416e-07, 1.9558043058103586e-07, 1.9961707867618576e-07, 2.0246354738771644e-07, 2.065549478759619e-07, 2.086042282404118e-07, 2.1229668537411532e-07, 2.1932210764979182e-07, 2.2202006751588973e-07, 2.2051212340556957e-07, 2.2747952854729192e-07], "Lord of the Flies (Golding, 1954)": [4.503094841457056e-10, 3.904235879037543e-10, 3.4973775958624387e-10, 3.197166063641431e-10, 8.282453096380188e-11, 8.282453096380188e-11, 8.282453096380188e-11, 1.185454175299329e-10, 9.699113139622589e-11, 9.349523139816946e-11, 7.355384753652113e-11, 5.3126217710744836e-11, 5.3126217710744836e-11, 5.3126217710744836e-11, 1.0333754487033632e-10, 1.0333754487033632e-10, 1.3815679552767587e-10, 1.3815679552767587e-10, 1.5473827774670212e-10, 1.7112499512655129e-10, 1.926994873193065e-10, 1.0676727359358397e-10, 1.0676727359358397e-10, 5.454269179163061e-11, 7.628444701321006e-11, 1.006856185727299e-10, 8.429890119288075e-11, 6.272440900012555e-11, 1.0162130660771953e-10, 1.650068573840916e-10, 1.650068573840916e-10, 1.4326510216251213e-10, 1.2362695787717015e-10, 1.766646432318656e-10, 2.1651857687717983e-10, 1.7762167926958584e-10, 1.3336423235596077e-10, 2.1173505805803317e-10, 2.3140959783317173e-10, 2.7326321760945405e-10, 2.6461101563869857e-10, 2.475920004732909e-10, 3.792339359209862e-10, 4.146470250487866e-10, 6.602795948884577e-10, 7.222155353917411e-10, 6.590174061222547e-10, 6.738974913814541e-10, 9.094461255505187e-10, 8.234010854099186e-10, 1.1710552805244134e-09, 4.816244097982647e-09, 7.000219685661589e-09, 8.639288502841426e-09, 1.0653918021606503e-08, 1.346268252829955e-08, 1.6754460707701924e-08, 2.0332038275228115e-08, 2.112032707454351e-08, 2.8869746466447007e-08, 4.8451460748261914e-08, 6.422209532429082e-08, 7.577334087167336e-08, 8.645276824584666e-08, 9.462684299624666e-08, 1.0007340023321376e-07, 1.0249820852387919e-07, 9.386281111086906e-08, 8.76412288773411e-08, 8.018928251577303e-08, 7.637140951390262e-08, 7.210232664890879e-08, 6.962047446482497e-08, 6.630614787387198e-08, 6.103786225659341e-08, 5.6589891122322504e-08, 5.76703799635782e-08, 5.522926928490181e-08, 5.336778384292172e-08, 5.254082832298731e-08, 5.071687476337112e-08, 5.088515868984749e-08, 5.55869894875676e-08, 5.655897084011485e-08, 6.093369161622572e-08, 6.255583987321448e-08, 6.431387892088683e-08, 7.22914705875155e-08, 7.453072571804244e-08, 7.542850458516373e-08, 7.57104469276523e-08, 7.339865045910951e-08, 7.555646318126361e-08, 7.635043581493456e-08, 7.268701044235318e-08, 7.320967857335095e-08, 7.256266749371726e-08, 7.924559599002481e-08, 8.080977461791658e-08, 8.414140901485162e-08, 8.961949455559598e-08, 9.33553891968586e-08, 9.586735468961446e-08, 9.604763460759256e-08, 9.172848791649812e-08, 9.877973436037532e-08, 1.020991870096363e-07, 1.0317801216582925e-07, 1.0342926312237718e-07, 1.0451401522004744e-07, 1.0567431729668897e-07, 1.1003411819794045e-07, 1.073696489178084e-07, 1.0935271786495702e-07, 1.0586566950061232e-07, 1.0563567595259623e-07, 1.0623847198790567e-07, 1.0823203429784674e-07, 1.0716422167433848e-07, 1.0635480407472642e-07],