{"years": [1900, 1901, 1902, 1903, 1904, 1905, 1906, 1907, 1908, 1909, 1910, 1911, 1912, 1913, 1914, 1915, 1916, 1917, 1918, 1919, 1920, 1921, 1922, 1923, 1924, 1925, 1926, 1927, 1928, 1929, 1930, 1931, 1932, 1933, 1934, 1935, 1936, 1937, 1938, 1939, 1940, 1941, 1942, 1943, 1944, 1945, 1946, 1947, 1948, 1949, 1950, 1951, 1952, 1953, 1954, 1955, 1956, 1957, 1958, 1959, 1960, 1961, 1962, 1963, 1964, 1965, 1966, 1967, 1968, 1969, 1970, 1971, 1972, 1973, 1974, 1975, 1976, 1977, 1978, 1979, 1980, 1981, 1982, 1983, 1984, 1985, 1986, 1987, 1988, 1989, 1990, 1991, 1992, 1993, 1994, 1995, 1996, 1997, 1998, 1999, 2000, 2001, 2002, 2003, 2004, 2005, 2006, 2007, 2008, 2009, 2010, 2011, 2012, 2013, 2014, 2015, 2016, 2017, 2018, 2019], "series": {"Crome Yellow (1921)": [6.501390745206059e-11, 7.704843152378515e-11, 6.420702626982096e-11, 1.2074964639285923e-10, 1.5452202017929295e-10, 1.3595692825520344e-10, 1.1737121592097262e-10, 2.2091046452438993e-10, 2.0302667483714946e-10, 2.0302667483714946e-10, 1.7918501206613613e-10, 1.4541263827970242e-10, 1.4541263827970242e-10, 1.7369706665057042e-10, 7.01578180471531e-11, 1.1624718053239645e-10, 1.7355805086755842e-10, 2.8226892053887353e-10, 1.5107652093623462e-09, 7.49986395011591e-09, 9.403670453433932e-09, 1.0974483774120865e-08, 1.1834448690858527e-08, 1.2445070640687561e-08, 1.2902844126472246e-08, 1.2975845287144239e-08, 8.067742537524022e-09, 7.261922745677956e-09, 7.156479091869577e-09, 8.270277542164552e-09, 8.911560061315121e-09, 9.421492665394128e-09, 9.034881858533644e-09, 9.241229178716789e-09, 8.982322822045522e-09, 8.139206515116776e-09, 7.725229471995071e-09, 7.3493489389469295e-09, 6.538310559633942e-09, 6.4903537465101275e-09, 5.954703111551599e-09, 5.653038576929654e-09, 5.465381448997521e-09, 4.5058281867531895e-09, 4.614336627081375e-09, 5.450468457520888e-09, 5.371821781048019e-09, 5.483838335810073e-09, 5.79517443556808e-09, 6.235069857244266e-09, 6.226663819473645e-09, 6.192467618047561e-09, 6.990845743562854e-09, 7.95531824542601e-09, 8.24670573099492e-09, 8.719890270165415e-09, 8.828436584959069e-09, 9.616950347179909e-09, 9.64660009015818e-09, 8.833231669923082e-09, 8.588242878764568e-09, 8.519751126812025e-09, 8.903124840539282e-09, 8.92422643719978e-09, 8.386800397021586e-09, 8.922716153238395e-09, 9.909095258616877e-09, 1.0469490163700357e-08, 1.0431697474087644e-08, 1.1680581898535332e-08, 1.2137648854247475e-08, 1.3313116133316174e-08, 1.2645093353366325e-08, 1.1494151027794227e-08, 1.1604117159233089e-08, 1.0991988462296019e-08, 8.795494998992126e-09, 8.586748074484213e-09, 7.831925964905752e-09, 8.134141297030543e-09, 7.548941027835099e-09, 6.507833763943641e-09, 7.090984307670364e-09, 6.812899070293302e-09, 6.375683853881193e-09, 5.913352474351541e-09, 5.539959602174349e-09, 5.929022225562416e-09, 5.453658033108663e-09, 5.301379843051077e-09, 5.588705879030645e-09, 5.483471200916159e-09, 5.1255224191899225e-09, 5.555351797629068e-09, 5.32899070902561e-09, 5.3680984102300044e-09, 5.0276988286920445e-09, 5.025997078839899e-09, 5.2747608820474005e-09, 5.526238704740243e-09, 4.82194627084352e-09, 5.202027634051579e-09, 5.8221054644036485e-09, 6.732135864646287e-09, 7.3725694755515696e-09, 7.52345347925549e-09, 8.174053116911345e-09, 8.532351460287048e-09, 9.013108862429168e-09, 8.66499196204375e-09, 9.442969390554318e-09, 9.293923662413915e-09, 9.067615166661166e-09, 8.305651848823053e-09, 8.355837101601895e-09, 7.908234638571393e-09, 7.54430112032927e-09, 6.2173264314679955e-09, 5.661914226351428e-09, 5.531532010216722e-09], "Point Counter Point (1928)": [0.0, 0.0, 0.0, 1.8015450242714337e-11, 1.8015450242714337e-11, 1.8015450242714337e-11, 5.2777718703315e-11, 6.895935905637529e-11, 6.895935905637529e-11, 8.468060974653469e-11, 9.731285222080999e-11, 9.731285222080999e-11, 9.731285222080999e-11, 6.255058376020933e-11, 4.636894340714903e-11, 8.00813017089373e-11, 6.43600510187779e-11, 3.371235830178827e-11, 1.5350104520805985e-10, 1.683166542651041e-10, 2.850861213765654e-10, 3.473559218036826e-10, 4.58516565985231e-10, 5.54738628049429e-10, 1.1043907613813734e-09, 7.80170540075937e-09, 1.538087060096568e-08, 1.9265429418435787e-08, 2.2530632518399533e-08, 2.488673012113196e-08, 2.7512515567350093e-08, 3.076546331978339e-08, 2.6745209475669592e-08, 2.2465312911533275e-08, 2.178869503869204e-08, 2.049177234247119e-08, 2.2084213061443085e-08, 2.2224847486183663e-08, 2.0641203540045742e-08, 1.9328025909918064e-08, 1.756007441043396e-08, 1.578456349753716e-08, 1.5599217409853087e-08, 1.374385253224578e-08, 1.3379874478200041e-08, 1.419910132329148e-08, 1.4428748101075989e-08, 1.5354284700817644e-08, 1.5879148408868915e-08, 1.5391592254689257e-08, 1.4838919172786648e-08, 1.4213648163214593e-08, 1.476723150111476e-08, 1.8263220903845323e-08, 1.8741612071794733e-08, 1.93357936646115e-08, 1.9961706573415735e-08, 2.0855693426215438e-08, 2.0898320788173156e-08, 1.971971157794477e-08, 1.722407994009245e-08, 1.715564147884509e-08, 1.8011482591110247e-08, 1.83071821829068e-08, 1.7803099058458623e-08, 1.977846255028583e-08, 2.187280959528185e-08, 2.3530294665111536e-08, 2.2446678801405336e-08, 2.4737869023080553e-08, 2.645464964550521e-08, 2.939766588890994e-08, 2.7405834807885706e-08, 2.452884003848307e-08, 2.4226020174061043e-08, 2.451244083902436e-08, 2.083362308066431e-08, 2.0191386848214928e-08, 1.9832592710957086e-08, 2.0728721215691947e-08, 2.0514967121901658e-08, 1.8153638592366406e-08, 1.902942463922435e-08, 1.9126581207729032e-08, 1.72072621548328e-08, 1.4162048549743694e-08, 1.3214413817154634e-08, 1.303390043513478e-08, 1.2783007033842101e-08, 1.1821856382709939e-08, 1.0884042112024872e-08, 1.1009947620266303e-08, 1.0332503043640275e-08, 1.119578797924094e-08, 1.1346683402381684e-08, 1.1333018777394597e-08, 1.0534185777645786e-08, 1.1041628881055691e-08, 1.139084046134339e-08, 1.2156780090525184e-08, 1.0688200039307309e-08, 1.1263991136648395e-08, 1.1646685901415107e-08, 1.3627732085654185e-08, 1.4047298435571065e-08, 1.3568810456173911e-08, 1.3925175171688612e-08, 1.4661299983588703e-08, 1.4291317209012635e-08, 1.4130046846868742e-08, 1.4535776138302481e-08, 1.4635840602953261e-08, 1.4214449934562318e-08, 1.3556031979484423e-08, 1.3593075236834856e-08, 1.3137856643855424e-08, 1.3705006018938093e-08, 1.1804334842935305e-08, 1.0913177383997663e-08, 1.187445430872458e-08],