{"years": [1800, 1801, 1802, 1803, 1804, 1805, 1806, 1807, 1808, 1809, 1810, 1811, 1812, 1813, 1814, 1815, 1816, 1817, 1818, 1819, 1820, 1821, 1822, 1823, 1824, 1825, 1826, 1827, 1828, 1829, 1830, 1831, 1832, 1833, 1834, 1835, 1836, 1837, 1838, 1839, 1840, 1841, 1842, 1843, 1844, 1845, 1846, 1847, 1848, 1849, 1850, 1851, 1852, 1853, 1854, 1855, 1856, 1857, 1858, 1859, 1860, 1861, 1862, 1863, 1864, 1865, 1866, 1867, 1868, 1869, 1870, 1871, 1872, 1873, 1874, 1875, 1876, 1877, 1878, 1879, 1880, 1881, 1882, 1883, 1884, 1885, 1886, 1887, 1888, 1889, 1890, 1891, 1892, 1893, 1894, 1895, 1896, 1897, 1898, 1899, 1900, 1901, 1902, 1903, 1904, 1905, 1906, 1907, 1908, 1909, 1910, 1911, 1912, 1913, 1914, 1915, 1916, 1917, 1918, 1919, 1920, 1921, 1922, 1923, 1924, 1925, 1926, 1927, 1928, 1929, 1930, 1931, 1932, 1933, 1934, 1935, 1936, 1937, 1938, 1939, 1940, 1941, 1942, 1943, 1944, 1945, 1946, 1947, 1948, 1949, 1950, 1951, 1952, 1953, 1954, 1955, 1956, 1957, 1958, 1959, 1960, 1961, 1962, 1963, 1964, 1965, 1966, 1967, 1968, 1969, 1970, 1971, 1972, 1973, 1974, 1975, 1976, 1977, 1978, 1979, 1980, 1981, 1982, 1983, 1984, 1985, 1986, 1987, 1988, 1989, 1990, 1991, 1992, 1993, 1994, 1995, 1996, 1997, 1998, 1999, 2000, 2001, 2002, 2003, 2004, 2005, 2006, 2007, 2008, 2009, 2010, 2011, 2012, 2013, 2014, 2015, 2016, 2017, 2018, 2019], "series": {"Crime and Punishment (Dostoevsky, 1866)": [0.0, 0.0, 0.0, 0.0, 0.0, 1.2729672554152265e-09, 1.2729672554152265e-09, 1.8423774252239257e-09, 2.1130317178525662e-09, 2.1130317178525662e-09, 2.6159432398031868e-09, 3.187058204647185e-09, 2.189358662617126e-09, 2.189358662617126e-09, 1.619948492808427e-09, 2.0489237608143996e-09, 2.2348818192899753e-09, 2.1916002187641735e-09, 1.8712676804913795e-09, 8.021490202228928e-09, 1.0421101886188516e-08, 1.1956981627037067e-08, 1.30879928482232e-08, 1.326624633955577e-08, 1.315370874126793e-08, 1.3875775417560021e-08, 7.952399056725718e-09, 5.967074929407496e-09, 5.330969919471938e-09, 4.8106421386100755e-09, 4.941702253751552e-09, 8.282479749662945e-09, 9.318659272799274e-09, 9.48390344035488e-09, 1.0827219343312322e-08, 1.1432613173616751e-08, 1.2193439242429754e-08, 1.3232493006094209e-08, 9.746508568474001e-09, 2.7130749155216246e-08, 2.724974875903793e-08, 2.6360467094857905e-08, 2.570130027848957e-08, 2.556281029710204e-08, 2.6573994068738012e-08, 2.753714107533207e-08, 1.0638030900622653e-08, 1.6304670121972516e-08, 1.8318111472126475e-08, 1.934322035879177e-08, 2.050248884951803e-08, 1.978837639780652e-08, 1.9186643194858888e-08, 1.7321989303249145e-08, 1.2036320004174935e-08, 1.3499390684655412e-08, 1.4673233295070531e-08, 1.3645017433410495e-08, 1.4438909623493146e-08, 1.7029223428214176e-08, 1.9073895859581365e-08, 2.0764101422392807e-08, 2.217853063107051e-08, 2.6114666873411352e-08, 2.5268317470152268e-08, 2.5081428743435807e-08, 2.2145420878035997e-08, 2.0653921890228285e-08, 1.8816587224864837e-08, 1.4082783907274989e-08, 8.042328660172262e-09, 7.438588935291892e-09, 2.38045966589289e-08, 2.7469744701136278e-08, 2.7385625703654374e-08, 2.742336738644927e-08, 2.795998321758475e-08, 2.8449787478227303e-08, 3.462597865576202e-08, 1.7188082195624636e-08, 1.5631621584434796e-08, 1.567995016366857e-08, 1.594012832839553e-08, 2.9642731697825704e-08, 3.821288783813413e-08, 3.5731365548891906e-08, 3.7407441461872233e-08, 3.968564093221565e-08, 4.162039005503207e-08, 4.253475032507075e-08, 3.1073176793532705e-08, 2.424230264149888e-08, 2.1750660827990487e-08, 2.1665039667035605e-08, 2.0311254265793976e-08, 2.0038021147123734e-08, 2.029503156007552e-08, 1.8380774870406314e-08, 1.8562146740310126e-08, 2.0896204893412166e-08, 2.0678083499449584e-08, 1.9382200098862412e-08, 1.8940127561555594e-08, 1.8846693475690505e-08, 1.9268951006219074e-08, 1.985906613758256e-08, 1.9062927109863333e-08, 2.2764375146826817e-08, 2.7002101380243663e-08, 2.954080002837145e-08, 3.099103044032095e-08, 3.52936199630806e-08, 3.7561272441572717e-08, 3.849547550568591e-08, 3.590459155386075e-08, 3.220675662670861e-08, 2.9816678142375556e-08, 3.510586919576651e-08, 3.662283073627545e-08, 4.954092247544395e-08, 5.140201914904148e-08, 5.278327362491707e-08, 5.550398743788979e-08, 5.941666917205371e-08, 5.7092953349118554e-08, 5.3556430909143926e-08, 4.0784725691927244e-08, 4.129162231184377e-08, 4.2838495671406104e-08, 4.3598668802198e-08, 4.2379285604608544e-08, 4.413359684057079e-08, 5.657130941472133e-08, 6.627416228509122e-08, 6.687785614190034e-08, 6.913896299920452e-08, 7.273192587880268e-08, 7.648268456656687e-08, 7.418294448565835e-08, 6.637649261977328e-08, 5.857112788427392e-08, 6.079177948338708e-08, 6.405449631025866e-08, 6.849017911544511e-08, 7.680588305041575e-08, 8.844418277119206e-08, 9.019773321889651e-08, 9.558594220899457e-08, 9.703831389223134e-08, 9.574898639032523e-08, 9.304970457638514e-08, 8.909090658854829e-08, 8.460145802960792e-08, 8.84518393767004e-08, 8.825659035340192e-08, 9.064041149388555e-08, 9.835098881337347e-08, 1.0492473429784305e-07, 1.0690719826860523e-07, 1.09934701088475e-07, 1.0725998781221538e-07, 1.0638653082293916e-07, 1.0902673811382816e-07, 1.080031728812563e-07, 1.0631920385354274e-07, 1.0950720812681019e-07, 1.094303761257314e-07, 1.1454419990286624e-07, 1.2454898877324793e-07, 1.2847689540811708e-07, 1.2964651371508547e-07, 1.2943596569162503e-07, 1.3037929237823066e-07, 1.3220784974724405e-07, 1.3344822389983945e-07, 1.3427324928118522e-07, 1.363042768178145e-07, 1.3609696074874072e-07, 1.4415478030319458e-07, 1.4305420238867684e-07, 1.429437738969292e-07, 1.4617357635415829e-07, 1.4665956931431928e-07, 1.4755621131306335e-07, 1.5232479963093022e-07, 1.5096076871096947e-07, 1.5279080400887324e-07, 1.5491074886345553e-07, 1.5044272824330358e-07, 1.4568755294216578e-07, 1.425451553619236e-07, 1.4148082730766225e-07, 1.412588537570108e-07, 1.4782463811765671e-07, 1.529323136700051e-07, 1.629064578472545e-07, 1.6796729848270582e-07, 1.746490413877057e-07, 1.800406193654323e-07, 1.861955293439418e-07, 1.8752028349159185e-07, 1.8910423956900298e-07, 1.89531358988201e-07, 1.976190731056704e-07, 2.0226095947301864e-07, 2.0467461224273264e-07, 2.0968097658169427e-07, 2.11146322775286e-07, 2.0992485514982816e-07, 2.0603604054615842e-07, 2.0234293783362644e-07, 2.0085474058565263e-07, 2.035679723836178e-07, 2.0881400684759554e-07, 2.141133523179763e-07, 2.1783899382756188e-07, 2.2441988838701426e-07, 2.284701613082992e-07, 2.3285563770514274e-07, 2.3352242450869198e-07],